SK_ID_CURR,NAME_CONTRACT_TYPE,CODE_GENDER,FLAG_OWN_CAR,FLAG_OWN_REALTY,CNT_CHILDREN,AMT_INCOME_TOTAL,AMT_CREDIT,AMT_ANNUITY,REGION_POPULATION_RELATIVE,DAYS_BIRTH,DAYS_EMPLOYED,DAYS_REGISTRATION,DAYS_ID_PUBLISH,OWN_CAR_AGE,CNT_FAM_MEMBERS,REGION_RATING_CLIENT,HOUR_APPR_PROCESS_START,APARTMENTS_AVG,BASEMENTAREA_AVG,YEARS_BEGINEXPLUATATION_AVG,COMMONAREA_AVG,ELEVATORS_AVG,ENTRANCES_AVG,FLOORSMAX_AVG,FLOORSMIN_AVG,LANDAREA_AVG,LIVINGAREA_AVG,NONLIVINGAPARTMENTS_AVG,NONLIVINGAREA_AVG,LIVINGAPARTMENTS_MODE,LIVINGAREA_MODE,NONLIVINGAPARTMENTS_MODE,NONLIVINGAREA_MODE,LIVINGAREA_MEDI,NONLIVINGAREA_MEDI,TOTALAREA_MODE,DEF_30_CNT_SOCIAL_CIRCLE,OBS_60_CNT_SOCIAL_CIRCLE,DEF_60_CNT_SOCIAL_CIRCLE,DAYS_LAST_PHONE_CHANGE,AMT_REQ_CREDIT_BUREAU_HOUR,AMT_REQ_CREDIT_BUREAU_DAY,AMT_REQ_CREDIT_BUREAU_WEEK,AMT_REQ_CREDIT_BUREAU_MON,AMT_REQ_CREDIT_BUREAU_QRT,AMT_REQ_CREDIT_BUREAU_YEAR,REGION,NAME_TYPE_SUITE_Children,NAME_TYPE_SUITE_Family,NAME_TYPE_SUITE_Rare,NAME_TYPE_SUITE_Spouse_ partner,NAME_TYPE_SUITE_Unaccompanied,NAME_INCOME_TYPE_Commercial associate,NAME_INCOME_TYPE_Pensioner,NAME_INCOME_TYPE_Rare,NAME_INCOME_TYPE_State servant,NAME_INCOME_TYPE_Working,NAME_EDUCATION_TYPE_Higher education,NAME_EDUCATION_TYPE_Incomplete higher,NAME_EDUCATION_TYPE_Lower secondary,NAME_EDUCATION_TYPE_Secondary _ secondary special,NAME_FAMILY_STATUS_Civil marriage,NAME_FAMILY_STATUS_Married,NAME_FAMILY_STATUS_Separated,NAME_FAMILY_STATUS_Single _ not married,NAME_FAMILY_STATUS_Unknown,NAME_FAMILY_STATUS_Widow,OCCUPATION_TYPE_Accountants,OCCUPATION_TYPE_Core staff,OCCUPATION_TYPE_Drivers,OCCUPATION_TYPE_HR staff,OCCUPATION_TYPE_High skill tech staff,OCCUPATION_TYPE_Laborers,OCCUPATION_TYPE_Low_skill Laborers,OCCUPATION_TYPE_Managers,OCCUPATION_TYPE_Medicine staff,OCCUPATION_TYPE_Realty agents,OCCUPATION_TYPE_Sales staff,OCCUPATION_TYPE_Secretaries,ORGANIZATION_TYPE_Agriculture,ORGANIZATION_TYPE_Business Entity,ORGANIZATION_TYPE_Construction,ORGANIZATION_TYPE_Education,ORGANIZATION_TYPE_Finance,ORGANIZATION_TYPE_Government,ORGANIZATION_TYPE_HotelRestaurant,ORGANIZATION_TYPE_House,ORGANIZATION_TYPE_Industry,ORGANIZATION_TYPE_Other,ORGANIZATION_TYPE_Public,ORGANIZATION_TYPE_Security,ORGANIZATION_TYPE_Self_employed,ORGANIZATION_TYPE_Services,ORGANIZATION_TYPE_Trade,ORGANIZATION_TYPE_Transport,ORGANIZATION_TYPE_XNA,INCOME_CREDIT_PERC,INCOME_PER_PERSON,ANNUITY_INCOME_PERC,PAYMENT_RATE,NEW_EXT_MEAN,NEW_GOODS_CREDIT,NEW_C_GP,INCOME_PER_PERSON_PERC_PAYMENT_RATE
115030,0,1,1,0,-0.59237564,0.02495402,0.5499238,1.7423449,0.8129125,-1.5839565,,1.1304386,-1.3689847,-0.47256306,-0.1789097,-0.19069125,1.2374847,-0.35601762,0.21681513,0.06635787,-0.1465433,-0.5573116,0.3174737,-0.3593579,-0.114002116,-0.3127827,-0.41495228,-0.18615195,-0.39786735,-0.49619308,-0.5773209,-0.17441314,-0.37740937,-0.4434566,-0.39174953,-0.6578102,-0.34614858,-0.19164358,-0.30099764,0.7580326,-0.07976856,-0.070299014,-0.16426675,-0.2986267,1.2015983,0.028933441,-0.5946563,0.0,0.0,0.0,0.0,1.0,0.0,1.0,0.0,0.0,0.0,0.0,0.0,0.0,1.0,0.0,1.0,0.0,0.0,0.0,0.0,0.0,0.0,0.0,0.0,0.0,0.0,0.0,0.0,0.0,0.0,0.0,0.0,0.0,0.0,0.0,0.0,0.0,0.0,0.0,0.0,0.0,0.0,0.0,0.0,0.0,0.0,0.0,0.0,1.0,-0.13884628,-0.00015718097,0.9550023,0.45480275,1.3870565,0.24397087,0.1656015,-0.10956859
188264,0,0,0,0,2.1267323,-0.051436264,-0.51010144,-0.8952387,0.85738873,0.90344906,0.8031387,-0.21511486,0.8406371,,0.9012048,-0.19069125,0.6269918,-1.0411412,-1.0771801,-0.037097033,,-0.5573116,-1.1153367,-1.5346947,,-0.7940541,-0.93769187,,-0.39786735,,-0.9099226,,-0.37740937,-0.93508124,-0.39174953,-0.9182265,1.7448559,-0.19164358,-0.30099764,0.22609589,-0.07976856,-0.070299014,-0.16426675,-0.2986267,1.2015983,0.028933441,1.1825542,0.0,0.0,0.0,0.0,1.0,0.0,0.0,0.0,0.0,1.0,0.0,0.0,0.0,1.0,0.0,0.0,0.0,1.0,0.0,0.0,0.0,0.0,1.0,0.0,0.0,0.0,0.0,0.0,0.0,0.0,0.0,0.0,0.0,0.0,0.0,0.0,0.0,0.0,0.0,0.0,1.0,0.0,0.0,0.0,0.0,0.0,0.0,0.0,0.0,-0.042369965,-0.21053632,-0.79259646,-0.74555266,-0.55109155,1.099761,0.8499945,-0.16179313
230236,0,1,0,0,-0.59237564,0.33051515,1.802555,1.866439,-0.9316087,-1.3412546,0.49592027,0.9074428,-0.91166276,,-0.1789097,-0.19069125,-0.28874764,-0.45514625,-0.35650307,-0.07404522,-0.4148276,-0.5573116,0.24864084,-0.6536223,-1.1712507,-0.38512108,-0.1874679,0.17389017,2.2233748,-0.4669832,-0.1429882,0.19461381,2.3967957,-0.18166026,2.253008,0.20998938,-0.34614858,-0.61822087,-0.30099764,-1.7318306,-0.07976856,-0.070299014,-0.16426675,-0.2986267,-0.42496112,0.028933441,-0.5946563,0.0,0.0,0.0,0.0,1.0,0.0,0.0,0.0,0.0,1.0,0.0,0.0,0.0,1.0,0.0,1.0,0.0,0.0,0.0,0.0,0.0,0.0,0.0,0.0,0.0,1.0,0.0,0.0,0.0,0.0,0.0,0.0,0.0,1.0,0.0,0.0,0.0,0.0,0.0,0.0,0.0,0.0,0.0,0.0,0.0,0.0,0.0,0.0,0.0,-0.080314904,0.4406372,-0.50393164,-0.5916725,0.053741734,0.025423098,0.18680908,0.53813946
135960,0,0,1,0,0.7671783,0.08745516,2.62673,2.627306,1.9997252,1.1711384,0.9562738,-0.060038086,-0.091773294,0.4309759,0.9012048,-2.1485138,0.9322382,0.33503443,0.113970906,0.14764388,1.0910624,0.6645242,-0.09190068,0.81425804,-1.4358534,-0.47480586,-0.0847146,-0.0949823,0.075387344,-1.0758966,-0.03699869,-0.082156405,0.12419296,-0.07919373,0.08634812,0.28800693,-0.34614858,-0.61822087,-0.30099764,0.065016486,-0.07976856,-0.070299014,-0.16426675,-0.2986267,-0.42496112,0.5603901,-0.5946563,0.0,0.0,0.0,0.0,1.0,0.0,0.0,0.0,0.0,1.0,0.0,0.0,0.0,1.0,0.0,1.0,0.0,0.0,0.0,0.0,0.0,0.0,0.0,0.0,0.0,0.0,0.0,1.0,0.0,0.0,0.0,0.0,0.0,0.0,0.0,0.0,0.0,0.0,0.0,0.0,0.0,1.0,0.0,0.0,0.0,0.0,0.0,0.0,0.0,-0.2158486,-0.07696227,0.9979557,-0.6668858,1.9263412,-0.34303874,-1.0377617,-0.018512873
336407,0,1,0,0,0.7671783,-0.08615912,1.2014554,1.1751047,0.8129125,1.1301868,0.52436644,-0.0833579,0.006271271,,0.9012048,-0.19069125,1.5427312,,,,,,,,,,,,,,,,,,,,-0.34614858,0.66151094,-0.30099764,-0.24465556,-0.07976856,-0.070299014,-0.16426675,-0.2986267,1.2015983,-0.50252324,-0.5946563,0.0,1.0,0.0,0.0,0.0,0.0,0.0,0.0,0.0,1.0,0.0,0.0,0.0,1.0,0.0,1.0,0.0,0.0,0.0,0.0,0.0,0.0,0.0,0.0,0.0,1.0,0.0,0.0,0.0,0.0,0.0,0.0,0.0,0.0,0.0,0.0,0.0,0.0,0.0,0.0,0.0,0.0,0.0,0.0,1.0,0.0,0.0,0.0,0.0,-0.24487339,-0.24392983,2.0903049,-0.59067553,0.5498242,0.025423098,-0.9989665,-0.21820496
223288,0,1,0,0,-0.59237564,0.052732304,0.13462467,1.7606429,-1.1662792,-0.20409536,0.1967616,-1.3123122,-1.0860374,,-0.1789097,-0.19069125,0.016498817,,,,,,,,,,,,,,,,,,,,-0.34614858,-0.61822087,-0.30099764,0.80048764,,,,,,,1.1825542,0.0,0.0,0.0,0.0,1.0,0.0,0.0,0.0,0.0,1.0,0.0,0.0,0.0,1.0,1.0,0.0,0.0,0.0,0.0,0.0,0.0,0.0,0.0,0.0,0.0,0.0,1.0,0.0,0.0,0.0,0.0,0.0,0.0,1.0,0.0,0.0,0.0,0.0,0.0,0.0,0.0,0.0,0.0,0.0,0.0,0.0,0.0,0.0,0.0,-0.06551226,0.03991504,0.7094694,1.2067901,0.53492683,1.099761,0.8499945,-0.14624009
309125,0,1,0,0,0.7671783,0.018009448,-0.798079,-0.38089663,-0.98866695,0.708177,0.4466136,0.49497357,0.0799692,,0.9012048,-0.19069125,1.2374847,,,,,,,,,,,,,,,,,,,,-0.34614858,-0.19164358,-0.30099764,1.1176517,-0.07976856,-0.070299014,-0.16426675,-0.2986267,-0.42496112,0.5603901,1.1825542,0.0,0.0,0.0,0.0,1.0,1.0,0.0,0.0,0.0,0.0,0.0,0.0,0.0,1.0,0.0,1.0,0.0,0.0,0.0,0.0,0.0,0.0,0.0,0.0,0.0,0.0,0.0,0.0,0.0,0.0,1.0,0.0,0.0,0.0,0.0,0.0,0.0,0.0,0.0,0.0,0.0,0.0,0.0,0.0,1.0,0.0,0.0,0.0,0.0,0.20888571,-0.1437493,-0.6712894,1.0896288,0.49619365,-0.8426585,0.28628686,-0.24570738
300544,0,0,1,0,2.1267323,0.052732304,2.5650034,1.3680662,1.1991533,0.6861973,0.4447172,0.54860914,-1.0103654,-0.30828324,1.9813194,-0.19069125,0.6269918,,,,,,,,,,,,,,,,,,,,-0.34614858,-0.61822087,-0.30099764,-1.9341164,-0.07976856,-0.070299014,-0.16426675,-0.2986267,1.2015983,-0.50252324,-0.5946563,0.0,0.0,0.0,0.0,1.0,0.0,0.0,0.0,0.0,1.0,0.0,0.0,0.0,1.0,0.0,1.0,0.0,0.0,0.0,0.0,0.0,0.0,1.0,0.0,0.0,0.0,0.0,0.0,0.0,0.0,0.0,0.0,0.0,1.0,0.0,0.0,0.0,0.0,0.0,0.0,0.0,0.0,0.0,0.0,0.0,0.0,0.0,0.0,0.0,-0.22631498,-0.18549119,0.4302354,-1.1471922,0.51109105,-0.18304884,-0.98727477,-0.051216774
353036,0,1,0,1,-0.59237564,-0.14171569,-1.0086895,-1.1291213,-1.3829546,1.1394414,0.328088,0.43550804,1.25453,,-0.1789097,1.7671312,-0.89924055,,,,,,,,,,,,,,,,,,,,-0.34614858,-0.61822087,-0.30099764,-0.8652483,-0.07976856,-0.070299014,-0.16426675,-0.2986267,-0.42496112,0.5603901,1.1825542,0.0,0.0,0.0,0.0,1.0,0.0,0.0,0.0,0.0,1.0,0.0,0.0,0.0,1.0,0.0,1.0,0.0,0.0,0.0,0.0,0.0,0.0,0.0,0.0,0.0,0.0,0.0,0.0,1.0,0.0,0.0,0.0,0.0,0.0,0.0,1.0,0.0,0.0,0.0,0.0,0.0,0.0,0.0,0.0,0.0,0.0,0.0,0.0,0.0,-0.012454513,-0.24059048,-0.3450774,0.17699221,1.0980475,-1.0134057,-0.18162724,-0.2684631
307675,0,0,1,1,-0.59237564,-0.0653254,-1.1720202,-1.5905653,1.1991533,-1.1182187,0.86382383,1.2409161,-0.41222766,-0.39042315,-0.1789097,-0.19069125,0.9322382,,,,,,,,,,,,,,,,,,,,-0.34614858,0.66151094,-0.30099764,-0.8040631,-0.07976856,-0.070299014,-0.16426675,-0.2986267,2.8281577,-0.50252324,1.1825542,0.0,0.0,0.0,0.0,1.0,0.0,0.0,0.0,0.0,1.0,0.0,0.0,0.0,1.0,1.0,0.0,0.0,0.0,0.0,0.0,0.0,0.0,0.0,0.0,0.0,0.0,1.0,0.0,0.0,0.0,0.0,0.0,0.0,1.0,0.0,0.0,0.0,0.0,0.0,0.0,0.0,0.0,0.0,0.0,0.0,0.0,0.0,0.0,0.0,0.4367047,-0.1303919,-1.5045164,-0.7174134,1.5002764,-2.3963685,0.13417532,-0.07081073
362263,0,1,1,1,-0.59237564,-0.15560484,-1.3294289,-1.5200346,-0.7367326,-1.1068817,,0.5241234,-0.1457307,-0.47256306,-0.1789097,1.7671312,0.016498817,,,,,,,,,,,,,,,,,,,,-0.34614858,-0.61822087,-0.30099764,0.5132917,-0.07976856,-0.070299014,-0.16426675,-0.2986267,-0.42496112,-1.0339799,-0.5946563,0.0,0.0,0.0,0.0,1.0,0.0,1.0,0.0,0.0,0.0,0.0,0.0,0.0,1.0,0.0,1.0,0.0,0.0,0.0,0.0,0.0,0.0,0.0,0.0,0.0,0.0,0.0,0.0,0.0,0.0,0.0,0.0,0.0,0.0,0.0,0.0,0.0,0.0,0.0,0.0,0.0,0.0,0.0,0.0,0.0,0.0,0.0,0.0,1.0,0.39197925,-0.26062658,-0.96475124,1.1967556,-0.2844286,-0.28372106,0.54935044,-0.31688762
106914,0,1,1,0,-0.59237564,-0.08615912,-0.85634315,-0.5941523,-0.1503488,-0.6423007,-0.29440865,-0.8622398,0.79391783,-0.8832626,-0.1789097,1.7671312,-0.28874764,0.11398893,0.13392575,0.058968242,-0.47650334,-0.5573116,-0.7741913,-0.3593579,-1.1712507,-0.21829997,-0.26624542,-0.18615195,-0.120254785,0.102127805,-0.22262055,-0.17441314,-0.08360079,-0.25991768,-0.11151627,-0.34108225,-0.34614858,-0.61822087,-0.30099764,-1.4046772,-0.07976856,-0.070299014,4.6615176,-0.2986267,1.2015983,-0.50252324,-0.5946563,0.0,0.0,0.0,0.0,1.0,0.0,0.0,0.0,0.0,1.0,0.0,0.0,0.0,1.0,0.0,1.0,0.0,0.0,0.0,0.0,0.0,0.0,0.0,0.0,0.0,0.0,0.0,0.0,0.0,0.0,1.0,0.0,0.0,1.0,0.0,0.0,0.0,0.0,0.0,0.0,0.0,0.0,0.0,0.0,0.0,0.0,0.0,0.0,0.0,0.033417698,-0.16044605,-0.17489773,0.87844545,-0.3097541,1.099761,0.8499945,-0.24631587
348509,0,1,1,1,-0.59237564,-0.15560484,0.39585814,0.8953106,0.0416012,-1.2681432,,-1.1374136,-0.86757565,1.170235,-0.1789097,1.7671312,-0.59399414,,,,,,,,,,,,,,,,,,,,-0.34614858,-0.61822087,-0.30099764,1.1101596,-0.07976856,-0.070299014,-0.16426675,-0.2986267,-0.42496112,-1.0339799,-0.5946563,0.0,0.0,0.0,0.0,1.0,0.0,1.0,0.0,0.0,0.0,1.0,0.0,0.0,0.0,0.0,1.0,0.0,0.0,0.0,0.0,0.0,0.0,0.0,0.0,0.0,0.0,0.0,0.0,0.0,0.0,0.0,0.0,0.0,0.0,0.0,0.0,0.0,0.0,0.0,0.0,0.0,0.0,0.0,0.0,0.0,0.0,0.0,0.0,1.0,-0.25867045,-0.26062658,4.189245,-0.034780566,-0.5153378,0.3572548,-0.6532258,-0.27407053
278863,0,1,0,0,-0.59237564,-0.051436264,-1.0640525,-0.9534598,-0.10119087,0.16192412,0.8908477,0.15683621,-1.5723121,,-1.2590243,-0.19069125,0.32174528,-0.29050153,-0.2183541,-0.014928123,-0.16556765,-0.5573116,-0.09190068,-0.3593579,-0.114002116,-0.36703646,-0.34388125,-0.18615195,-0.39786735,-0.30295855,-0.3016921,-0.17441314,-0.37740937,-0.33817506,-0.39174953,-0.2819869,-0.34614858,2.36782,-0.30099764,-3.1678097,-0.07976856,-0.070299014,-0.16426675,-0.2986267,1.2015983,-0.50252324,-0.5946563,0.0,1.0,0.0,0.0,0.0,0.0,0.0,0.0,0.0,1.0,0.0,0.0,0.0,1.0,0.0,0.0,1.0,0.0,0.0,0.0,1.0,0.0,0.0,0.0,0.0,0.0,0.0,0.0,0.0,0.0,0.0,0.0,0.0,0.0,0.0,0.0,0.0,0.0,0.0,0.0,0.0,1.0,0.0,0.0,0.0,0.0,0.0,0.0,0.0,0.30269724,0.19018586,-0.8547141,1.104919,0.7017774,-0.8426175,0.3689766,-0.051139724
167550,0,0,0,0,0.7671783,0.15690087,0.8363971,4.8024473,1.1991533,-0.61569375,-1.6693059,-1.219033,0.7386444,,0.9012048,-0.19069125,-0.59399414,,,,,,,,,,,,,,,,,,,,-0.34614858,-0.19164358,-0.30099764,0.578223,,,,,,,-0.5946563,0.0,0.0,0.0,1.0,0.0,0.0,0.0,0.0,0.0,1.0,0.0,0.0,0.0,1.0,0.0,1.0,0.0,0.0,0.0,0.0,0.0,0.0,0.0,0.0,0.0,0.0,0.0,0.0,0.0,0.0,1.0,0.0,0.0,0.0,0.0,0.0,0.0,0.0,0.0,0.0,0.0,0.0,0.0,0.0,1.0,0.0,0.0,0.0,0.0,-0.08204813,-0.010175236,1.6663779,2.2314038,1.0146222,0.6529701,0.5723163,-0.22407112
127447,0,1,0,0,-0.59237564,-0.13477112,0.6795376,0.47545302,0.20194967,-1.5587376,,-1.7483928,-0.70833546,,-0.1789097,-0.19069125,-0.28874764,-0.17200293,0.368779,0.09591642,0.19916806,-0.45654044,0.24864084,-0.06681433,-0.114002116,-0.019738596,-0.18175939,-0.0949823,-0.08334544,-0.41947705,-0.27982125,-0.17441314,-0.37740937,-0.27737075,-0.39174953,-0.23599148,1.7448559,0.2349337,2.2492986,0.7080855,-0.07976856,-0.070299014,-0.16426675,-0.2986267,1.2015983,-1.0339799,-0.5946563,0.0,0.0,0.0,0.0,1.0,0.0,1.0,0.0,0.0,0.0,0.0,0.0,0.0,1.0,0.0,1.0,0.0,0.0,0.0,0.0,0.0,0.0,0.0,0.0,0.0,0.0,0.0,0.0,0.0,0.0,0.0,0.0,0.0,0.0,0.0,0.0,0.0,0.0,0.0,0.0,0.0,0.0,0.0,0.0,0.0,0.0,0.0,0.0,1.0,-0.25503922,-0.23057243,2.4188309,-0.66355413,0.454481,-0.8426585,-2.9080563,-0.19555071
215419,0,1,0,0,0.7671783,0.052732304,0.5525027,-0.43811968,-1.0705968,-0.1853548,-2.0779824,-1.6504496,-1.0215516,,-0.1789097,-0.19069125,0.32174528,,,0.02202006,,-0.5573116,0.59038997,-0.3593579,,,-0.13494955,,,,-0.09139543,,,-0.12986399,,-0.27732915,-0.34614858,0.2349337,-0.30099764,1.1126571,-0.07976856,-0.070299014,-0.16426675,-0.2986267,-0.42496112,-1.0339799,-0.5946563,0.0,0.0,0.0,0.0,1.0,0.0,0.0,0.0,0.0,1.0,1.0,0.0,0.0,0.0,0.0,0.0,1.0,0.0,0.0,0.0,0.0,0.0,0.0,0.0,0.0,0.0,0.0,0.0,0.0,0.0,0.0,0.0,0.0,0.0,0.0,0.0,0.0,0.0,0.0,0.0,0.0,1.0,0.0,0.0,0.0,0.0,0.0,0.0,0.0,-0.119791456,0.03991504,-0.8544775,-1.2753267,1.3572617,1.099761,0.8499945,0.37371004
281404,0,1,0,0,-0.59237564,-0.009768837,-1.0593125,-1.0845405,-0.43300688,-0.6686764,0.5926372,-0.3118921,0.6030929,,-1.2590243,-0.19069125,-0.59399414,-0.714362,-0.40562266,0.15503351,,-0.5573116,-0.43364978,-0.9474565,,-0.67918015,-0.7150775,,-0.24796562,,-0.6820486,,-0.21873462,-0.71088296,-0.24066529,-0.71414,-0.34614858,-0.19164358,-0.30099764,0.6731225,-0.07976856,-0.070299014,-0.16426675,-0.2986267,-0.42496112,0.028933441,1.1825542,0.0,0.0,0.0,0.0,1.0,0.0,0.0,0.0,0.0,1.0,0.0,0.0,0.0,1.0,0.0,0.0,0.0,1.0,0.0,0.0,0.0,1.0,0.0,0.0,0.0,0.0,0.0,0.0,0.0,0.0,0.0,0.0,0.0,0.0,0.0,0.0,1.0,0.0,0.0,0.0,0.0,0.0,0.0,0.0,0.0,0.0,0.0,0.0,0.0,0.42300066,0.3104025,-1.1544174,0.6150731,-0.27549016,1.099761,0.8499945,0.08547992
138834,0,0,0,0,-0.59237564,-0.016713409,-1.0841464,-1.1307847,-0.036817398,-0.14556001,0.8192582,1.2621955,0.71692985,,-0.1789097,-0.19069125,0.6269918,-0.29050153,-0.06639024,-0.029707396,0.19384943,-0.5573116,-0.09190068,-0.3593579,-0.114002116,-0.02712006,-0.38583887,-0.0949823,-0.35334402,-0.31323013,-0.3459946,-0.082156405,-0.32993144,-0.38068175,-0.34773925,-0.17020057,-0.34614858,0.2349337,-0.30099764,0.45460388,-0.07976856,-0.070299014,-0.16426675,-0.2986267,-0.42496112,0.5603901,1.1825542,0.0,0.0,0.0,0.0,1.0,0.0,0.0,0.0,0.0,1.0,0.0,0.0,0.0,1.0,1.0,0.0,0.0,0.0,0.0,0.0,0.0,0.0,0.0,0.0,0.0,0.0,1.0,0.0,0.0,0.0,0.0,0.0,0.0,1.0,0.0,0.0,0.0,0.0,0.0,0.0,0.0,0.0,0.0,0.0,0.0,0.0,0.0,0.0,0.0,0.44241703,-0.060265508,-1.1738725,0.61690134,-1.879937,-1.0134057,0.42050296,-0.16545726
445369,0,1,0,1,-0.59237564,-0.016713409,-0.34295022,0.4375261,-1.1522341,-0.0041959803,0.4850159,0.7584875,0.4116099,,-1.2590243,-0.19069125,2.1532242,,,,,,,,,,,,,,,,,,,,-0.34614858,-0.61822087,-0.30099764,0.3484663,,,,,,,2.9597647,0.0,0.0,0.0,0.0,1.0,0.0,0.0,0.0,0.0,1.0,0.0,0.0,0.0,1.0,0.0,0.0,0.0,1.0,0.0,0.0,0.0,0.0,0.0,0.0,0.0,0.0,1.0,0.0,0.0,0.0,0.0,0.0,0.0,1.0,0.0,0.0,0.0,0.0,0.0,0.0,0.0,0.0,0.0,0.0,0.0,0.0,0.0,0.0,0.0,-0.041388165,0.2903664,0.26036245,0.8557111,1.4228101,1.099761,0.8499945,0.037887298
410085,0,1,0,0,2.1267323,0.052732304,-0.077943906,-0.6623542,-0.10119087,0.72876847,0.43049413,0.7491596,0.61625326,,1.9813194,-0.19069125,1.2374847,0.08436427,0.5529776,-0.0001488499,-0.36655074,-0.5573116,1.2726805,-0.3593579,-0.114002116,2.681139,0.10024133,-0.18615195,-0.39786735,0.0738809,0.15198791,-0.17441314,-0.37740937,0.10716022,-0.39174953,-0.08519638,-0.34614858,3.2209744,-0.30099764,0.31724936,,,,,,,-0.5946563,0.0,0.0,0.0,0.0,1.0,0.0,0.0,0.0,0.0,1.0,0.0,0.0,0.0,1.0,0.0,1.0,0.0,0.0,0.0,0.0,0.0,0.0,0.0,0.0,0.0,0.0,0.0,0.0,0.0,0.0,0.0,0.0,0.0,0.0,1.0,0.0,0.0,0.0,0.0,0.0,0.0,0.0,0.0,0.0,0.0,0.0,0.0,0.0,0.0,-0.025969746,-0.18549119,-1.0139722,-1.0008463,0.806059,-0.57242763,-0.0018303482,-0.08553894
346044,0,1,0,1,2.1267323,-0.15560484,-0.38001004,-0.4710562,-1.3829546,0.7632418,0.66517484,0.64830136,1.5026025,,1.9813194,1.7671312,0.32174528,,,,,,,,,,,,,,,,,,,,-0.34614858,-0.61822087,-0.30099764,0.38842398,-0.07976856,-0.070299014,-0.16426675,-0.2986267,-0.42496112,-0.50252324,-0.5946563,0.0,0.0,0.0,0.0,1.0,0.0,0.0,0.0,0.0,1.0,0.0,0.0,0.0,1.0,0.0,1.0,0.0,0.0,0.0,0.0,0.0,0.0,0.0,0.0,0.0,1.0,0.0,0.0,0.0,0.0,0.0,0.0,0.0,1.0,0.0,0.0,0.0,0.0,0.0,0.0,0.0,0.0,0.0,0.0,0.0,0.0,0.0,0.0,0.0,-0.20619963,-0.33576202,1.2736166,-0.33612663,0.6511263,-0.66446775,-1.2879188,-0.3293637
321419,0,0,1,1,0.7671783,0.33051515,0.850987,1.4236257,-0.117576845,-0.08170327,-0.70592964,1.0231674,-1.2617279,-0.71898276,0.9012048,-0.19069125,-0.89924055,-0.9739338,,-0.38440993,,-0.5573116,-1.1153367,-1.2408605,,,-0.8741311,,-0.39786735,,-0.84467804,,-0.37740937,-0.87049425,-0.39174953,-0.8667182,-0.34614858,-0.61822087,-0.30099764,-1.8142433,-0.07976856,-0.070299014,-0.16426675,-0.2986267,1.2015983,-1.0339799,-0.5946563,0.0,0.0,0.0,0.0,1.0,0.0,0.0,0.0,0.0,1.0,0.0,0.0,0.0,1.0,0.0,1.0,0.0,0.0,0.0,0.0,0.0,0.0,1.0,0.0,0.0,0.0,0.0,0.0,0.0,0.0,0.0,0.0,0.0,1.0,0.0,0.0,0.0,0.0,0.0,0.0,0.0,0.0,0.0,0.0,0.0,0.0,0.0,0.0,0.0,0.021937605,0.15679234,-0.6706786,-0.13841966,0.9609916,1.099761,0.8499945,0.10415469
218587,0,0,0,1,-0.59237564,-0.072269976,-1.2187032,-1.0286483,0.34123045,1.2794173,0.49449795,0.076382846,0.14248084,,-1.2590243,-0.19069125,0.9322382,,,,,,,,,,,,,,,,,,,,-0.34614858,-0.61822087,-0.30099764,-0.3045921,-0.07976856,-0.070299014,-0.16426675,-0.2986267,-0.42496112,0.028933441,1.1825542,0.0,0.0,0.0,0.0,1.0,1.0,0.0,0.0,0.0,0.0,0.0,1.0,0.0,0.0,0.0,0.0,0.0,1.0,0.0,0.0,0.0,0.0,0.0,0.0,0.0,0.0,1.0,0.0,0.0,0.0,0.0,0.0,0.0,0.0,0.0,0.0,0.0,0.0,0.0,0.0,0.0,0.0,0.0,0.0,1.0,0.0,0.0,0.0,0.0,0.51852393,0.13007753,-0.8217425,2.4656043,-1.1395377,0.47334412,0.7340053,-0.17296739
108207,0,0,0,0,0.7671783,0.22634658,0.61219954,1.0836143,0.6513936,0.58069485,0.6305654,0.97915125,-1.262386,,0.9012048,-0.19069125,-0.89924055,-0.8684672,-1.0771801,0.088526785,,-0.5573116,-0.43364978,-1.2408605,,-0.7940541,-0.78529227,,-0.39786735,,-0.7536897,,-0.37740937,-0.78196204,-0.39174953,-0.6959456,-0.34614858,-0.61822087,-0.30099764,1.1176517,-0.07976856,-0.070299014,-0.16426675,-0.2986267,-0.42496112,-0.50252324,2.9597647,0.0,1.0,0.0,0.0,0.0,0.0,0.0,0.0,0.0,1.0,0.0,0.0,0.0,1.0,0.0,1.0,0.0,0.0,0.0,0.0,0.0,0.0,0.0,0.0,0.0,1.0,0.0,0.0,0.0,0.0,0.0,0.0,0.0,1.0,0.0,0.0,0.0,0.0,0.0,0.0,0.0,0.0,0.0,0.0,0.0,0.0,0.0,0.0,0.0,-0.008552577,0.056611795,-0.55122477,-0.13788195,-0.29932594,1.099761,0.8499945,0.014639495
209692,0,1,0,0,-0.59237564,0.08745516,0.058929056,0.16538395,-0.1632235,-0.3315775,-0.66563094,-0.75030464,1.5578759,,-0.1789097,1.7671312,-0.89924055,,,,,,,,,,,,,,,,,,,,-0.34614858,-0.61822087,-0.30099764,-1.35473,-0.07976856,-0.070299014,-0.16426675,0.90320206,2.8281577,0.028933441,-0.5946563,0.0,0.0,0.0,0.0,1.0,1.0,0.0,0.0,0.0,0.0,0.0,0.0,0.0,1.0,1.0,0.0,0.0,0.0,0.0,0.0,0.0,0.0,0.0,0.0,0.0,0.0,1.0,0.0,0.0,0.0,0.0,0.0,0.0,0.0,1.0,0.0,0.0,0.0,0.0,0.0,0.0,0.0,0.0,0.0,0.0,0.0,0.0,0.0,0.0,-0.021053422,0.09000531,-0.57805955,-0.27122694,-0.49299178,-1.4481813,-0.42774278,0.07119567
358967,0,1,0,0,-0.59237564,-0.12088198,0.2362526,-0.01460252,-0.8853768,-1.6968626,,-0.6896731,-1.1169641,,-1.2590243,-0.19069125,0.32174528,,,,,,,,,,,,,,,,,,,,1.7448559,-0.19164358,2.2492986,-0.9002113,,,,,,,-0.5946563,1.0,0.0,0.0,0.0,0.0,0.0,1.0,0.0,0.0,0.0,0.0,0.0,0.0,1.0,0.0,0.0,0.0,0.0,0.0,1.0,0.0,0.0,0.0,0.0,0.0,0.0,0.0,0.0,0.0,0.0,0.0,0.0,0.0,0.0,0.0,0.0,0.0,0.0,0.0,0.0,0.0,0.0,0.0,0.0,0.0,0.0,0.0,0.0,1.0,-0.22320123,-0.010175236,1.1973003,-0.66194004,1.5330505,-0.8426585,-1.8558022,0.057055656
102640,0,1,0,0,3.4862862,-0.08615912,-0.90051883,-0.25613704,0.6513936,0.37732497,0.83442944,1.0546492,-1.2084285,,3.061434,-0.19069125,1.2374847,,,,,,,,,,,,,,,,,,,,-0.34614858,0.66151094,-0.30099764,-1.4521269,,,,,,,-0.5946563,0.0,0.0,0.0,0.0,1.0,0.0,0.0,0.0,0.0,1.0,0.0,0.0,0.0,1.0,0.0,1.0,0.0,0.0,0.0,0.0,0.0,1.0,0.0,0.0,0.0,0.0,0.0,0.0,0.0,0.0,0.0,0.0,0.0,0.0,0.0,0.0,0.0,0.0,0.0,0.0,0.0,0.0,1.0,0.0,0.0,0.0,0.0,0.0,0.0,0.059125148,-0.3107169,0.25786754,1.9916378,1.1695548,0.47334412,0.5994578,-0.3555548
410992,0,0,0,0,-0.59237564,-0.051436264,-0.93991876,-1.2412385,-1.1390668,0.07678178,-0.4518107,-0.035552274,-0.71359956,,-0.1789097,-0.19069125,-0.28874764,,,,,,,,,,,,,,,,,,,,-0.34614858,-0.61822087,-0.30099764,1.1176517,-0.07976856,-0.070299014,-0.16426675,-0.2986267,-0.42496112,-1.0339799,-0.5946563,0.0,0.0,0.0,0.0,1.0,0.0,0.0,0.0,0.0,1.0,0.0,0.0,0.0,1.0,0.0,1.0,0.0,0.0,0.0,0.0,0.0,0.0,0.0,0.0,0.0,0.0,0.0,0.0,0.0,0.0,0.0,0.0,0.0,1.0,0.0,0.0,0.0,0.0,0.0,0.0,0.0,0.0,0.0,0.0,0.0,0.0,0.0,0.0,0.0,0.1696977,-0.11035579,-1.1617532,-0.44198346,0.08949542,1.099761,0.8499945,-0.09470925
110619,0,1,0,0,-0.59237564,-0.13477112,0.96321714,0.053266685,-0.1632235,-1.3673987,-1.0107776,-0.6173817,-0.997205,,-0.1789097,1.7671312,-1.204487,-0.4830618,-0.080972634,0.029409697,-0.4684231,-0.5573116,-0.09190068,-0.3593579,-1.1712507,-0.7940541,-0.44948882,,-0.39786735,,-0.41104636,,-0.37740937,-0.44514558,-0.39174953,-0.48518184,-0.34614858,-0.61822087,-0.30099764,-0.77784085,-0.07976856,-0.070299014,-0.16426675,-0.2986267,-0.42496112,-0.50252324,-0.5946563,0.0,0.0,0.0,0.0,1.0,0.0,0.0,0.0,0.0,1.0,1.0,0.0,0.0,0.0,0.0,1.0,0.0,0.0,0.0,0.0,0.0,0.0,0.0,0.0,1.0,0.0,0.0,0.0,0.0,0.0,0.0,0.0,0.0,1.0,0.0,0.0,0.0,0.0,0.0,0.0,0.0,0.0,0.0,0.0,0.0,0.0,0.0,0.0,0.0,-0.26432866,-0.23057243,1.6680936,-1.1511788,0.8745869,-1.7702706,-5.413423,-0.12065388
433817,0,1,1,1,-0.59237564,-0.11393741,-0.8646291,-1.2701827,-0.10119087,-1.2151606,,-0.33287993,-0.957724,-0.55470294,-0.1789097,-0.19069125,-0.89924055,,,,,,,,,,,,,,,,,,,,-0.34614858,0.66151094,-0.30099764,0.2972705,-0.07976856,-0.070299014,-0.16426675,-0.2986267,-0.42496112,-1.0339799,-0.5946563,0.0,0.0,0.0,0.0,1.0,0.0,1.0,0.0,0.0,0.0,1.0,0.0,0.0,0.0,0.0,1.0,0.0,0.0,0.0,0.0,0.0,0.0,0.0,0.0,0.0,0.0,0.0,0.0,0.0,0.0,0.0,0.0,0.0,0.0,0.0,0.0,0.0,0.0,0.0,0.0,0.0,0.0,0.0,0.0,0.0,0.0,0.0,0.0,1.0,-0.022000322,-0.20051827,-0.8664785,-0.7435812,-0.08182434,-0.57242763,0.008906928,-0.15003875
287903,0,1,0,0,-0.59237564,-0.10699284,-1.25082,-1.6228365,-0.08129361,-1.48794,0.9501105,1.3650942,-0.94785374,,-1.2590243,-0.19069125,-0.59399414,-0.7331623,-0.5817626,0.16981278,-0.5757164,-0.5573116,-0.43364978,-0.3593579,-0.114002116,-0.46391818,-0.6001936,-0.18615195,-0.39786735,-0.74768686,-0.5644227,-0.17441314,-0.37740937,-0.59574884,-0.39174953,-0.645438,1.7448559,-0.19164358,2.2492986,-0.12977722,-0.07976856,-0.070299014,-0.16426675,-0.2986267,-0.42496112,0.028933441,-0.5946563,0.0,0.0,0.0,0.0,1.0,1.0,0.0,0.0,0.0,0.0,1.0,0.0,0.0,0.0,0.0,0.0,1.0,0.0,0.0,0.0,1.0,0.0,0.0,0.0,0.0,0.0,0.0,0.0,0.0,0.0,0.0,0.0,0.0,0.0,0.0,0.0,0.0,0.0,0.0,0.0,0.0,1.0,0.0,0.0,0.0,0.0,0.0,0.0,0.0,0.4383652,0.029896984,-1.4289724,-0.41330644,0.65708524,-0.57242763,0.50835353,0.042745918
179787,0,1,0,0,0.7671783,0.052732304,-0.6692294,-0.42880428,-0.84265625,0.9575885,-1.0283194,1.1173211,-0.37274665,,0.9012048,-0.19069125,1.2374847,0.31566447,-0.40677392,0.16242315,,0.6645242,-0.09190068,0.81425804,,0.60030437,0.07055704,,2.6128476,,0.12170519,,2.8096669,0.07788407,2.646946,0.49061966,-0.34614858,-0.61822087,-0.30099764,0.15492126,-0.07976856,-0.070299014,-0.16426675,-0.2986267,-0.42496112,0.028933441,1.1825542,0.0,1.0,0.0,0.0,0.0,0.0,0.0,0.0,0.0,1.0,0.0,0.0,0.0,1.0,0.0,1.0,0.0,0.0,0.0,0.0,0.0,0.0,0.0,0.0,0.0,0.0,0.0,0.0,1.0,0.0,0.0,0.0,0.0,0.0,0.0,0.0,0.0,1.0,0.0,0.0,0.0,0.0,0.0,0.0,0.0,0.0,0.0,0.0,0.0,0.18592648,-0.11035579,-0.84785163,0.46537122,0.9788685,-0.66446775,0.31551614,-0.1889402
110726,0,1,1,0,-0.59237564,0.67774373,3.99534,3.3845131,1.1991533,-1.2056746,-2.909084,-0.79694426,-0.90310854,-0.71898276,-1.2590243,-0.19069125,-0.28874764,,,,,,,,,,,,,,,,,,,,1.7448559,0.2349337,2.2492986,-1.3060316,-0.07976856,-0.070299014,-0.16426675,-0.2986267,-0.42496112,-1.0339799,-0.5946563,0.0,0.0,0.0,0.0,1.0,1.0,0.0,0.0,0.0,0.0,0.0,0.0,0.0,1.0,0.0,0.0,0.0,1.0,0.0,0.0,0.0,0.0,0.0,0.0,0.0,0.0,0.0,1.0,0.0,0.0,0.0,0.0,0.0,1.0,0.0,0.0,0.0,0.0,0.0,0.0,0.0,0.0,0.0,0.0,0.0,0.0,0.0,0.0,0.0,-0.09090879,2.2939773,-0.6809423,-0.89367634,0.40680942,-0.28372106,-0.040802706,3.1477075
432680,0,0,1,0,2.1267323,0.052732304,0.6801346,0.018999388,-1.0629891,-0.18049614,0.21335518,0.442504,-1.0834053,0.26669613,1.9813194,1.7671312,-2.1202264,,,,,,,,,,,,,,,,,,,,-0.34614858,-0.19164358,-0.30099764,0.8366993,-0.07976856,-0.070299014,-0.16426675,-0.2986267,-0.42496112,-0.50252324,-0.5946563,0.0,0.0,0.0,0.0,1.0,0.0,0.0,0.0,0.0,1.0,0.0,0.0,0.0,1.0,0.0,1.0,0.0,0.0,0.0,0.0,0.0,0.0,0.0,0.0,0.0,1.0,0.0,0.0,0.0,0.0,0.0,0.0,0.0,1.0,0.0,0.0,0.0,0.0,0.0,0.0,0.0,0.0,0.0,0.0,0.0,0.0,0.0,0.0,0.0,-0.13229068,-0.18549119,-0.5293357,-1.0046602,0.76434636,-0.57242763,-0.4444452,-0.08472977
452669,0,1,0,0,-0.59237564,-0.12088198,-0.900686,0.030976307,-0.27207318,1.2333757,0.15693697,0.20114386,1.2999331,,-1.2590243,-0.19069125,0.6269918,-0.9841885,,-0.09621413,,-0.5573116,-1.1153367,-1.2408605,,-0.6077645,-0.88255113,,-0.39786735,,-0.853861,,-0.37740937,-0.8797134,-0.39174953,-0.8686104,-0.34614858,-0.61822087,-0.30099764,-0.06859202,-0.07976856,-0.070299014,-0.16426675,0.90320206,-0.42496112,0.028933441,-0.5946563,0.0,0.0,0.0,0.0,1.0,0.0,0.0,0.0,0.0,1.0,1.0,0.0,0.0,0.0,0.0,0.0,0.0,1.0,0.0,0.0,0.0,0.0,0.0,0.0,0.0,0.0,1.0,0.0,0.0,0.0,0.0,0.0,0.0,0.0,0.0,0.0,0.0,0.0,1.0,0.0,0.0,0.0,0.0,0.0,0.0,0.0,0.0,0.0,0.0,-0.019998321,-0.010175236,1.2702444,2.7394242,-0.5868452,-0.28365532,0.15855108,-0.24138106
172371,0,1,0,0,-0.59237564,-0.08615912,0.96321714,0.022659002,0.18907498,-1.2681432,,-1.5898181,-1.0787991,,-1.2590243,-0.19069125,0.6269918,-1.0607426,,-14.779422,,-0.5573116,,,,,,,,,,,,,,-0.9334916,1.7448559,-0.19164358,2.2492986,-0.1922111,-0.07976856,-0.070299014,-0.16426675,-0.2986267,-0.42496112,-1.0339799,-0.5946563,0.0,0.0,0.0,0.0,1.0,0.0,1.0,0.0,0.0,0.0,1.0,0.0,0.0,0.0,0.0,0.0,1.0,0.0,0.0,0.0,0.0,0.0,0.0,0.0,0.0,0.0,0.0,0.0,0.0,0.0,0.0,0.0,0.0,0.0,0.0,0.0,0.0,0.0,0.0,0.0,0.0,0.0,0.0,0.0,0.0,0.0,0.0,0.0,1.0,-0.23610327,0.09000531,0.6148137,-1.1714326,1.7445933,-1.7702706,-3.659666,0.39245874
137530,0,0,1,1,2.1267323,0.33051515,1.8813548,0.75591254,-1.0006639,-0.54582155,-1.2155899,0.46873876,0.97026646,-0.9654025,1.9813194,-0.19069125,-1.204487,,,,,,,,,,,,,,,,,,,,-0.34614858,0.2349337,-0.30099764,-0.19345978,11.899094,9.80374,-0.16426675,-0.2986267,-0.42496112,0.028933441,1.1825542,0.0,0.0,0.0,1.0,0.0,1.0,0.0,0.0,0.0,0.0,1.0,0.0,0.0,0.0,0.0,1.0,0.0,0.0,0.0,0.0,0.0,0.0,0.0,0.0,0.0,0.0,0.0,1.0,0.0,0.0,0.0,0.0,0.0,0.0,0.0,0.0,0.0,0.0,0.0,0.0,0.0,0.0,0.0,0.0,0.0,0.0,1.0,0.0,0.0,-0.086230084,0.0148699,-0.9221145,-1.1731161,0.63324946,-0.18304884,0.039434534,0.27406406
420009,0,1,0,0,0.7671783,-0.10699284,-0.34295022,-0.25114664,1.1991533,0.45807138,0.8510231,1.086131,-0.7504486,,-0.1789097,-0.19069125,0.016498817,,,,,,,,,,,,,,,,,,,,-0.34614858,-0.19164358,-0.30099764,0.19612762,-0.07976856,-0.070299014,-0.16426675,-0.2986267,2.8281577,-1.0339799,1.1825542,0.0,0.0,0.0,0.0,1.0,0.0,0.0,0.0,0.0,1.0,0.0,0.0,0.0,1.0,0.0,0.0,0.0,1.0,0.0,0.0,0.0,0.0,0.0,0.0,0.0,0.0,0.0,0.0,0.0,0.0,1.0,0.0,0.0,0.0,0.0,0.0,0.0,0.0,0.0,0.0,0.0,0.0,0.0,0.0,0.0,0.0,1.0,0.0,0.0,-0.15115279,-0.19050021,0.5667007,-0.09854389,-0.27251068,1.099761,0.8499945,-0.20910312
419646,0,1,1,0,-0.59237564,-0.18824433,-1.0831913,-1.1038367,0.6513936,-1.2730018,,-0.72232085,1.6210455,-0.63684285,-0.1789097,-0.19069125,-0.59399414,-0.38678166,-0.03722546,0.06635787,,-0.5573116,-0.09190068,-0.3593579,,0.39952853,-0.3398853,,-0.39786735,,-0.29888815,,-0.37740937,-0.33536002,-0.39174953,-0.39464656,-0.34614858,-0.19164358,-0.30099764,1.1176517,-0.07976856,-0.070299014,-0.16426675,-0.2986267,-0.42496112,0.028933441,-0.5946563,0.0,1.0,0.0,0.0,0.0,0.0,1.0,0.0,0.0,0.0,0.0,0.0,0.0,1.0,0.0,1.0,0.0,0.0,0.0,0.0,0.0,0.0,0.0,0.0,0.0,0.0,0.0,0.0,0.0,0.0,0.0,0.0,0.0,0.0,0.0,0.0,0.0,0.0,0.0,0.0,0.0,0.0,0.0,0.0,0.0,0.0,0.0,0.0,1.0,-0.108046845,-0.30771148,0.779859,0.7086058,-0.8952208,1.099761,0.8499945,-0.3347785
300795,1,0,1,1,-0.59237564,-0.051436264,-0.6414345,-0.7358791,0.0416012,-0.52060276,0.5200995,-0.49961662,1.0163276,0.5131158,-0.1789097,1.7671312,0.016498817,,,0.10330606,,,,,,,-0.8890803,,,,-0.8603101,,,-0.886188,,-0.8791267,-0.34614858,-0.19164358,-0.30099764,-0.6829414,,,,,,,-0.5946563,0.0,0.0,0.0,0.0,1.0,0.0,0.0,0.0,0.0,1.0,0.0,0.0,0.0,1.0,0.0,1.0,0.0,0.0,0.0,0.0,0.0,0.0,1.0,0.0,0.0,0.0,0.0,0.0,0.0,0.0,0.0,0.0,0.0,0.0,0.0,0.0,0.0,0.0,0.0,0.0,0.0,0.0,0.0,0.0,1.0,0.0,0.0,0.0,0.0,0.0008290153,-0.11035579,-0.62257135,-0.19396932,-0.6032323,1.099761,0.8499945,-0.12783392
227948,1,1,0,0,-0.59237564,0.018009448,-0.93991876,-1.1517444,0.6513936,1.0695691,0.35985285,1.0514427,0.4201641,,-0.1789097,-0.19069125,0.6269918,,,,,,,,,,,,,,,,,,,,,,,1.0027734,-0.07976856,-0.070299014,-0.16426675,-0.2986267,-0.42496112,-1.0339799,-0.5946563,0.0,0.0,0.0,0.0,1.0,0.0,0.0,0.0,0.0,1.0,1.0,0.0,0.0,0.0,0.0,1.0,0.0,0.0,0.0,0.0,0.0,0.0,0.0,0.0,0.0,0.0,0.0,0.0,0.0,0.0,1.0,0.0,0.0,0.0,0.0,0.0,0.0,0.0,0.0,0.0,1.0,0.0,0.0,0.0,0.0,0.0,0.0,0.0,0.0,0.33856636,-0.010175236,-1.2881184,-0.19396932,0.7017774,1.099761,0.8499945,-0.03625876
141354,0,1,0,0,-0.59237564,0.365238,0.38401428,0.7589068,4.0152,1.009877,0.6547446,0.8814995,-0.43723232,,-1.2590243,-2.1485138,-0.59399414,0.81586534,0.33117178,0.3102159,1.3488117,2.192052,0.07837008,2.1375873,1.3411189,-0.49658117,-0.09898589,-0.18615195,0.2520087,-0.22592151,-0.3953442,-0.17441314,0.1776127,-0.0927058,0.26406795,1.4233369,-0.34614858,-0.61822087,-0.30099764,1.1176517,-0.07976856,-0.070299014,-0.16426675,-0.2986267,-0.42496112,0.5603901,-0.5946563,0.0,0.0,0.0,0.0,1.0,1.0,0.0,0.0,0.0,0.0,1.0,0.0,0.0,0.0,0.0,0.0,0.0,1.0,0.0,0.0,1.0,0.0,0.0,0.0,0.0,0.0,0.0,0.0,0.0,0.0,0.0,0.0,0.0,0.0,0.0,0.0,0.0,0.0,0.0,0.0,0.0,1.0,0.0,0.0,0.0,0.0,0.0,0.0,0.0,0.13541344,1.3923523,-0.978358,-0.1370645,1.4436665,-0.8426585,0.19859903,1.2060794
160967,0,1,1,1,-0.59237564,0.018009448,0.3332003,0.53300875,-0.9863261,-0.503019,-2.2922766,0.6209006,1.0590988,-0.47256306,-1.2590243,1.7671312,-1.5097334,,,,,,,,,,,,,,,,,,,,-0.34614858,-0.61822087,-0.30099764,1.1176517,-0.07976856,-0.070299014,-0.16426675,-0.2986267,-0.42496112,-0.50252324,-0.5946563,0.0,0.0,0.0,0.0,1.0,0.0,0.0,0.0,0.0,1.0,0.0,0.0,0.0,1.0,0.0,0.0,0.0,1.0,0.0,0.0,0.0,0.0,0.0,0.0,0.0,0.0,0.0,0.0,0.0,0.0,1.0,0.0,0.0,0.0,0.0,0.0,0.0,0.0,0.0,0.0,0.0,0.0,0.0,0.0,1.0,0.0,0.0,0.0,0.0,-0.12128359,0.39054695,0.06001366,-0.27272823,-0.5436428,0.025423098,0.060803812,0.35595983
386306,0,1,0,0,-0.59237564,-0.14866026,-1.1190094,-1.3793057,0.6513936,-1.0555187,,-1.2819965,-0.4168338,,-1.2590243,-0.19069125,0.9322382,-0.13668123,-1.0771801,0.029409697,-0.3987694,-0.5573116,0.59038997,-0.3593579,-0.114002116,0.5486341,-0.13494955,-0.18615195,-0.39786735,-0.14824252,-0.08971306,-0.17441314,-0.37740937,-0.12986399,-0.39174953,-0.17602278,1.7448559,4.074129,2.2492986,0.52328116,-0.07976856,-0.070299014,-0.16426675,-0.2986267,-0.42496112,-0.50252324,-0.5946563,0.0,0.0,0.0,0.0,1.0,0.0,1.0,0.0,0.0,0.0,0.0,0.0,0.0,1.0,0.0,0.0,0.0,1.0,0.0,0.0,0.0,0.0,0.0,0.0,0.0,0.0,0.0,0.0,0.0,0.0,0.0,0.0,0.0,0.0,0.0,0.0,0.0,0.0,0.0,0.0,0.0,0.0,0.0,0.0,0.0,0.0,0.0,0.0,1.0,0.049077205,-0.09031968,-0.745032,-0.10703936,1.1933906,1.099761,0.8499945,-0.12016902
119807,0,1,1,0,-0.59237564,-0.08615912,-0.17108296,1.6395429,-0.036817398,-0.9881915,0.13892108,1.2872642,-0.28588837,0.67739564,-0.1789097,-0.19069125,0.9322382,-0.9067799,-1.0771801,-0.07404522,-0.5462337,-0.5573116,1.2726805,-1.2408605,-0.9070354,-0.7940541,-0.8441614,-0.18615195,-0.39786735,-0.9212609,-0.8143953,-0.17441314,-0.37740937,-0.841007,-0.39174953,-0.83145744,-0.34614858,-0.19164358,-0.30099764,-1.3072803,,,,,,,-0.5946563,0.0,0.0,0.0,0.0,1.0,1.0,0.0,0.0,0.0,0.0,0.0,0.0,0.0,1.0,0.0,1.0,0.0,0.0,0.0,0.0,0.0,0.0,0.0,0.0,0.0,0.0,1.0,0.0,0.0,0.0,0.0,0.0,0.0,0.0,0.0,0.0,0.0,0.0,0.0,0.0,0.0,0.0,0.0,0.0,1.0,0.0,0.0,0.0,0.0,-0.15238467,-0.16044605,2.6849313,1.8895552,1.3185285,0.35727108,0.21264428,-0.28231445
334900,0,0,1,0,-0.59237564,0.08745516,1.8813548,0.81113946,-0.73029524,0.5816203,-0.3645758,-0.25825652,-1.1656574,-0.47256306,-0.1789097,-0.19069125,-0.28874764,-0.9450213,-0.73257524,0.12547497,,-0.5573116,-0.7741913,-1.2408605,,-0.4493398,-0.8507262,,-0.39786735,,-0.8207743,,-0.37740937,-0.84748155,-0.39174953,-0.83997244,-0.34614858,0.2349337,-0.30099764,-0.9776293,-0.07976856,-0.070299014,-0.16426675,-0.2986267,1.2015983,0.028933441,-0.5946563,0.0,0.0,0.0,0.0,1.0,0.0,0.0,0.0,0.0,1.0,0.0,0.0,0.0,1.0,0.0,1.0,0.0,0.0,0.0,0.0,0.0,0.0,1.0,0.0,0.0,0.0,0.0,0.0,0.0,0.0,0.0,0.0,0.0,0.0,0.0,0.0,0.0,0.0,0.0,0.0,0.0,0.0,0.0,0.0,1.0,0.0,0.0,0.0,0.0,-0.18945053,0.09000531,-0.16467503,-1.1463872,-0.4780944,-0.18304884,-0.52795744,0.37773722
136112,0,1,0,0,-0.59237564,0.22634658,0.39585814,3.1396518,4.0152,0.6760172,0.43665746,-0.5532522,-1.0478723,,-1.2590243,-2.1485138,1.5427312,1.951857,0.56065255,0.15503351,1.4437289,2.2927065,0.13271181,3.1632106,3.0612302,-0.7940541,2.244931,1.34746,-0.09512021,0.22859693,0.473882,-0.082156405,-0.35812676,1.1408335,-0.33895397,1.0402358,1.7448559,0.2349337,-0.30099764,-1.2848041,-0.07976856,-0.070299014,-0.16426675,2.105031,-0.42496112,0.028933441,-0.5946563,0.0,0.0,0.0,0.0,1.0,1.0,0.0,0.0,0.0,0.0,1.0,0.0,0.0,0.0,0.0,0.0,0.0,1.0,0.0,0.0,0.0,0.0,0.0,0.0,0.0,0.0,0.0,0.0,0.0,0.0,0.0,0.0,0.0,0.0,0.0,0.0,0.0,0.0,0.0,0.0,0.0,1.0,0.0,0.0,0.0,0.0,0.0,0.0,0.0,0.02820183,0.99163026,0.38890797,1.8863074,1.2678775,0.3572548,0.52787584,0.271311
119299,0,1,0,0,3.4862862,-0.016713409,0.2540184,0.5742626,1.1991533,1.1884907,-0.44280273,0.9604954,-0.07334881,,3.061434,-0.19069125,-0.59399414,-0.7528171,-0.42596126,0.1106957,,-0.5573116,-0.43364978,-1.2408605,,-0.5582164,-0.76274365,,-0.39786735,,-0.73167866,,-0.37740937,-0.7598642,-0.39174953,-0.669309,-0.34614858,0.2349337,-0.30099764,-2.0964446,-0.07976856,-0.070299014,-0.16426675,-0.2986267,-0.42496112,0.028933441,-0.5946563,0.0,0.0,0.0,0.0,1.0,0.0,0.0,0.0,1.0,0.0,1.0,0.0,0.0,0.0,0.0,1.0,0.0,0.0,0.0,0.0,0.0,0.0,0.0,0.0,0.0,1.0,0.0,0.0,0.0,0.0,0.0,0.0,0.0,0.0,0.0,0.0,0.0,0.0,0.0,0.0,0.0,0.0,1.0,0.0,0.0,0.0,0.0,0.0,0.0,-0.13989487,-0.27064463,0.3854091,-0.13619159,-0.1965341,1.099761,0.8499945,-0.27748924
453228,0,0,0,0,-0.59237564,-0.051436264,-0.7347168,0.07622244,1.9997252,0.7248353,-0.33281094,-0.074029975,-1.4084657,,-0.1789097,-2.1485138,-0.28874764,0.09404926,,0.088526785,,,1.2726805,-0.3593579,,,,,,,,,,,,-0.095676355,-0.34614858,-0.61822087,-0.30099764,-0.006158141,,,,,,,1.1825542,0.0,0.0,0.0,0.0,1.0,1.0,0.0,0.0,0.0,0.0,0.0,0.0,0.0,1.0,1.0,0.0,0.0,0.0,0.0,0.0,0.0,0.0,0.0,0.0,0.0,0.0,1.0,0.0,0.0,0.0,0.0,0.0,0.0,0.0,1.0,0.0,0.0,0.0,0.0,0.0,0.0,0.0,0.0,0.0,0.0,0.0,0.0,0.0,0.0,0.04010361,-0.11035579,0.24388222,1.7489215,0.31146625,-0.28369513,0.2687619,-0.2534883
433490,0,0,0,1,-0.59237564,0.052732304,-0.13432163,0.7462645,0.18907498,-0.16985334,0.65379643,-0.4249932,-1.1946102,,-0.1789097,-0.19069125,0.9322382,,,,,,,,,,,,,,,,,,,,-0.34614858,0.66151094,-0.30099764,-0.40698364,-0.07976856,-0.070299014,-0.16426675,-0.2986267,-0.42496112,-0.50252324,-0.5946563,1.0,0.0,0.0,0.0,0.0,1.0,0.0,0.0,0.0,0.0,0.0,0.0,0.0,1.0,0.0,1.0,0.0,0.0,0.0,0.0,0.0,0.0,0.0,0.0,0.0,1.0,0.0,0.0,0.0,0.0,0.0,0.0,0.0,1.0,0.0,0.0,0.0,0.0,0.0,0.0,0.0,0.0,0.0,0.0,0.0,0.0,0.0,0.0,0.0,-0.013471215,0.03991504,-0.012042853,0.720882,-1.0590919,0.025423098,0.32386735,-0.10755849
396909,0,0,1,0,-0.59237564,0.08745516,1.8950254,0.8221183,1.9997252,-0.78343344,0.46036258,-3.4064317,0.25960788,-0.39042315,-0.1789097,-2.1485138,1.5427312,1.3548062,0.8523004,0.08113715,0.023653062,1.580668,0.93213904,0.81425804,0.9444086,,1.5964435,-0.0949823,-0.3325967,1.3482016,1.6818261,-0.082156405,-0.30769208,1.6092519,-0.32572013,1.1217467,-0.34614858,-0.19164358,-0.30099764,0.47957745,-0.07976856,-0.070299014,-0.16426675,-0.2986267,-0.42496112,-0.50252324,1.1825542,0.0,1.0,0.0,0.0,0.0,1.0,0.0,0.0,0.0,0.0,1.0,0.0,0.0,0.0,0.0,1.0,0.0,0.0,0.0,0.0,0.0,0.0,1.0,0.0,0.0,0.0,0.0,0.0,0.0,0.0,0.0,0.0,0.0,0.0,0.0,0.0,0.0,0.0,0.0,0.0,0.0,0.0,0.0,0.0,0.0,0.0,1.0,0.0,0.0,-0.1900379,0.09000531,-0.15764682,-1.1464825,1.8607928,-0.18304221,-0.5334617,0.3777922
275073,0,1,0,1,0.7671783,-0.07921455,-0.44228578,-1.1351098,-0.81398076,0.8442196,0.846282,-1.0044906,0.60506696,,0.9012048,-0.19069125,0.6269918,,,,,,,,,,,,,,,,,,,,-0.34614858,-0.19164358,-0.30099764,1.0652072,-0.07976856,-0.070299014,-0.16426675,-0.2986267,2.8281577,0.028933441,-0.5946563,0.0,0.0,0.0,0.0,1.0,0.0,0.0,0.0,0.0,1.0,0.0,0.0,0.0,1.0,1.0,0.0,0.0,0.0,0.0,0.0,1.0,0.0,0.0,0.0,0.0,0.0,0.0,0.0,0.0,0.0,0.0,0.0,0.0,0.0,0.0,0.0,0.0,0.0,0.0,0.0,0.0,0.0,1.0,0.0,0.0,0.0,0.0,0.0,0.0,-0.097456686,-0.23725113,-0.9092685,-1.2167217,-0.45127913,-2.3963685,-1.4626521,-0.11721839
258668,0,0,1,0,2.1267323,0.018009448,-0.837276,-0.78145796,-0.7414143,0.2831594,0.94773996,1.3817096,-1.4874278,0.10241629,1.9813194,1.7671312,0.32174528,,,0.1106957,,-0.5573116,-0.7741913,-0.9474565,,,-0.78614855,,,,-0.75551224,,,-0.7829473,,-0.78371537,-0.34614858,-0.61822087,-0.30099764,0.69435,,,,,,,-0.5946563,0.0,0.0,0.0,0.0,1.0,1.0,0.0,0.0,0.0,0.0,0.0,0.0,0.0,1.0,0.0,1.0,0.0,0.0,0.0,0.0,0.0,0.0,1.0,0.0,0.0,0.0,0.0,0.0,0.0,0.0,0.0,0.0,1.0,0.0,0.0,0.0,0.0,0.0,0.0,0.0,0.0,0.0,0.0,0.0,0.0,0.0,0.0,0.0,0.0,0.23946476,-0.21053632,-0.9918169,0.34347653,-1.0799482,0.13336092,0.5844161,-0.25403935
330952,0,1,1,1,-0.59237564,-0.08615912,-0.93991876,-0.66934067,1.1991533,-0.82716143,-0.23799042,1.2301307,0.31619737,-0.47256306,-0.1789097,-0.19069125,0.016498817,,,,,,,,,,,,,,,,,,,,1.7448559,0.2349337,2.2492986,0.6056939,-0.07976856,-0.070299014,-0.16426675,-0.2986267,-0.42496112,-1.0339799,1.1825542,0.0,0.0,0.0,0.0,1.0,0.0,0.0,0.0,0.0,1.0,1.0,0.0,0.0,0.0,0.0,1.0,0.0,0.0,0.0,0.0,1.0,0.0,0.0,0.0,0.0,0.0,0.0,0.0,0.0,0.0,0.0,0.0,0.0,0.0,0.0,0.0,0.0,1.0,0.0,0.0,0.0,0.0,0.0,0.0,0.0,0.0,0.0,0.0,0.0,0.08526335,-0.16044605,-0.27116245,1.1429098,-1.9633623,1.099761,0.8499945,-0.25766197
389108,0,1,0,1,-0.59237564,-0.08615912,-0.09224728,-0.80674255,-1.0705968,-1.8757077,,0.21455276,-1.3683268,,-1.2590243,-0.19069125,-0.59399414,-0.40615165,-1.0771801,0.11808533,,-0.25185263,-1.1153367,0.81425804,0.9444086,-0.25705266,-0.4848816,-0.18615195,0.026476813,-0.41947705,-0.446937,-0.17441314,0.07054686,-0.48033327,0.03665819,-0.44413528,-0.34614858,-0.61822087,-0.30099764,0.581969,-0.07976856,-0.070299014,-0.16426675,-0.2986267,1.2015983,2.1547601,-0.5946563,0.0,0.0,0.0,0.0,1.0,0.0,1.0,0.0,0.0,0.0,0.0,0.0,0.0,1.0,0.0,0.0,0.0,1.0,0.0,0.0,0.0,0.0,0.0,0.0,0.0,0.0,0.0,0.0,0.0,0.0,0.0,0.0,0.0,0.0,0.0,0.0,0.0,0.0,0.0,0.0,0.0,0.0,0.0,0.0,0.0,0.0,0.0,0.0,1.0,-0.16245434,0.09000531,-0.44707993,-1.1513643,0.68688,-0.57242763,-0.668258,0.3806192
453397,0,0,1,0,-0.59237564,0.018009448,-0.34295022,-0.28474855,-1.3544254,0.5809262,0.4451913,0.62323254,1.218997,0.26669613,-1.2590243,-0.19069125,-1.5097334,,,,,,,,,,,,,,,,,,,,-0.34614858,-0.61822087,-0.30099764,-0.5705604,-0.07976856,-0.070299014,-0.16426675,-0.2986267,1.2015983,-1.0339799,-0.5946563,0.0,0.0,0.0,0.0,1.0,1.0,0.0,0.0,0.0,0.0,0.0,0.0,0.0,1.0,0.0,0.0,0.0,1.0,0.0,0.0,0.0,0.0,0.0,0.0,0.0,1.0,0.0,0.0,0.0,0.0,0.0,0.0,0.0,0.0,1.0,0.0,0.0,0.0,0.0,0.0,0.0,0.0,0.0,0.0,0.0,0.0,0.0,0.0,0.0,0.0008290153,0.39054695,-0.59435225,-0.1451042,0.34721994,1.099761,0.8499945,0.31483313
260558,0,0,0,0,-0.59237564,0.052732304,-0.9974904,-0.43379468,-0.73029524,-0.8410433,-0.19958812,-0.960183,0.17143358,,-0.1789097,-0.19069125,1.2374847,,,,,,,,,,,,,,,,,,,,-0.34614858,-0.19164358,-0.30099764,1.1176517,,,,,,,-0.5946563,0.0,0.0,0.0,0.0,1.0,0.0,0.0,0.0,0.0,1.0,0.0,0.0,0.0,1.0,0.0,1.0,0.0,0.0,0.0,0.0,0.0,0.0,0.0,0.0,0.0,1.0,0.0,0.0,0.0,0.0,0.0,0.0,0.0,0.0,0.0,0.0,0.0,0.0,0.0,0.0,0.0,0.0,1.0,0.0,0.0,0.0,0.0,0.0,0.0,0.5041083,0.03991504,-0.8514012,2.2540534,1.0593143,-0.28379825,0.5894194,-0.20271695
295831,0,0,1,0,-0.59237564,-0.051436264,-1.1428881,-1.2409059,0.6513936,1.0064065,-0.7926904,-0.05187615,-0.60963285,-0.55470294,-0.1789097,-0.19069125,-1.5097334,-0.098510996,0.40254876,0.1919817,-0.32492217,-0.5573116,1.2726805,-0.3593579,-0.114002116,0.03193165,0.004338255,-0.18615195,1.249693,-0.11036599,0.05384947,-0.17441314,1.365523,0.010323724,1.2699531,0.06734538,-0.34614858,-0.19164358,-0.30099764,0.92285806,-0.07976856,-0.070299014,-0.16426675,0.90320206,-0.42496112,-0.50252324,-0.5946563,0.0,0.0,0.0,0.0,1.0,0.0,0.0,0.0,0.0,1.0,0.0,0.0,0.0,1.0,0.0,1.0,0.0,0.0,0.0,0.0,0.0,0.0,1.0,0.0,0.0,0.0,0.0,0.0,0.0,0.0,0.0,0.0,0.0,1.0,0.0,0.0,0.0,0.0,0.0,0.0,0.0,0.0,0.0,0.0,0.0,0.0,0.0,0.0,0.0,0.43067655,-0.11035579,-1.1613982,0.6190542,0.51704997,1.099761,0.8499945,-0.19946931
411362,0,0,1,0,0.7671783,0.018009448,-0.7415342,-0.7365445,0.85738873,0.48305878,0.7367644,-1.1070979,0.08128523,-1.0475425,0.9012048,-0.19069125,-0.59399414,0.353265,1.8838125,0.18459207,-0.09990295,0.6645242,-0.09190068,0.81425804,-1.1712507,0.5870177,0.57233566,0.08490503,1.2940748,0.3146216,0.63651145,0.10240217,1.4135102,0.58233464,1.3156141,0.5302107,-0.34614858,-0.19164358,-0.30099764,1.1176517,-0.07976856,-0.070299014,-0.16426675,-0.2986267,-0.42496112,-0.50252324,-0.5946563,0.0,0.0,0.0,0.0,1.0,0.0,0.0,0.0,0.0,1.0,0.0,1.0,0.0,0.0,0.0,1.0,0.0,0.0,0.0,0.0,0.0,0.0,1.0,0.0,0.0,0.0,0.0,0.0,0.0,0.0,0.0,0.0,0.0,0.0,0.0,0.0,0.0,0.0,0.0,0.0,0.0,0.0,0.0,0.0,1.0,0.0,0.0,0.0,0.0,0.17008302,-0.1437493,-0.9558773,0.0947394,-0.95481026,-0.66446775,0.2988137,-0.18554157
223606,0,1,1,0,-0.59237564,0.15690087,-0.015524871,-0.27177358,0.34123045,0.6389988,-0.22234504,0.314245,-0.7807174,-0.9654025,-0.1789097,-0.19069125,0.6269918,,,,,,,,,,,,,,,,,,,,1.7448559,0.66151094,2.2492986,-0.30084607,-0.07976856,-0.070299014,-0.16426675,4.5086884,-0.42496112,0.028933441,1.1825542,0.0,0.0,0.0,0.0,1.0,1.0,0.0,0.0,0.0,0.0,0.0,0.0,0.0,1.0,0.0,1.0,0.0,0.0,0.0,0.0,0.0,0.0,0.0,0.0,0.0,0.0,0.0,0.0,0.0,0.0,1.0,0.0,0.0,1.0,0.0,0.0,0.0,0.0,0.0,0.0,0.0,0.0,0.0,0.0,0.0,0.0,0.0,0.0,0.0,0.060666706,0.19018586,-1.0405349,-0.63758224,-0.62855786,-0.28372106,0.2988137,0.2778413
280458,0,0,1,0,-0.59237564,-0.08615912,-1.2800953,-1.2146231,-1.0629891,1.0651733,0.36127514,0.74391264,1.6118332,0.020276388,-0.1789097,1.7671312,-2.7307196,,,,,,,,,,,,,,,,,,,,-0.34614858,-0.61822087,-0.30099764,-0.23841217,-0.07976856,-0.070299014,-0.16426675,-0.2986267,2.8281577,1.0918467,-0.5946563,0.0,0.0,0.0,0.0,1.0,0.0,0.0,0.0,0.0,1.0,0.0,0.0,0.0,1.0,0.0,1.0,0.0,0.0,0.0,0.0,0.0,0.0,1.0,0.0,0.0,0.0,0.0,0.0,0.0,0.0,0.0,0.0,0.0,1.0,0.0,0.0,0.0,0.0,0.0,0.0,0.0,0.0,0.0,0.0,0.0,0.0,0.0,0.0,0.0,0.64452106,-0.16044605,-0.9692947,2.4543598,0.10290306,-0.080028325,0.65958655,-0.2960255
142202,0,0,0,1,-0.59237564,-0.016713409,-0.34295022,0.026984,0.95102286,-0.10229476,-0.118516594,0.16849612,-1.225537,,-0.1789097,-2.1485138,-0.28874764,-0.07401369,0.1147384,0.073747516,,-0.09923968,0.07837008,0.22745007,,-0.0153097175,,,0.42727146,,,,0.4949622,,0.43999714,-0.31808454,-0.34614858,-0.61822087,-0.30099764,0.05752442,-0.07976856,-0.070299014,-0.16426675,-0.2986267,2.8281577,-1.0339799,-0.5946563,0.0,0.0,0.0,0.0,1.0,1.0,0.0,0.0,0.0,0.0,0.0,0.0,0.0,1.0,0.0,1.0,0.0,0.0,0.0,0.0,0.0,0.0,0.0,0.0,0.0,0.0,1.0,0.0,0.0,0.0,0.0,0.0,0.0,1.0,0.0,0.0,0.0,0.0,0.0,0.0,0.0,0.0,0.0,0.0,0.0,0.0,0.0,0.0,0.0,-0.041388165,-0.060265508,-0.11508219,0.28684616,-0.53023523,1.099761,0.8499945,-0.13736574
427781,0,1,0,0,-0.59237564,-0.14171569,0.48237082,0.63348186,-0.117576845,-1.8720059,,0.016917313,-1.2400134,,-0.1789097,-0.19069125,-0.89924055,,,,,,,,,,,,,,,,,,,,-0.34614858,-0.61822087,-0.30099764,-0.121036485,,,,,,,-0.5946563,0.0,0.0,0.0,0.0,1.0,0.0,1.0,0.0,0.0,0.0,0.0,0.0,0.0,1.0,0.0,1.0,0.0,0.0,0.0,0.0,0.0,0.0,0.0,0.0,0.0,0.0,0.0,0.0,0.0,0.0,0.0,0.0,0.0,0.0,0.0,0.0,0.0,0.0,0.0,0.0,0.0,0.0,0.0,0.0,0.0,0.0,0.0,0.0,1.0,-0.25203764,-0.24059048,2.9735749,-0.35486957,2.0157254,-0.28370056,-1.7319629,-0.23519884
150064,0,1,0,0,-0.59237564,0.004120305,-0.34295022,0.5912299,-1.3899771,-1.9520582,,1.1625034,-1.457159,,-0.1789097,1.7671312,-0.28874764,,,,,,,,,,,,,,,,,,,,-0.34614858,2.36782,-0.30099764,0.8816517,-0.07976856,-0.070299014,-0.16426675,-0.2986267,-0.42496112,-0.50252324,-0.5946563,0.0,0.0,0.0,0.0,1.0,0.0,1.0,0.0,0.0,0.0,0.0,0.0,0.0,1.0,0.0,1.0,0.0,0.0,0.0,0.0,0.0,0.0,0.0,0.0,0.0,0.0,0.0,0.0,0.0,0.0,0.0,0.0,0.0,0.0,0.0,0.0,0.0,0.0,0.0,0.0,0.0,0.0,0.0,0.0,0.0,0.0,0.0,0.0,1.0,-0.01605786,-0.030211344,0.21503712,1.0686898,-0.68814737,1.099761,0.8499945,-0.17773344
305811,0,1,0,1,0.7671783,-0.016713409,1.4479556,1.013749,-0.117576845,1.1424491,-0.17540888,-1.1467415,0.875512,,0.9012048,-0.19069125,1.2374847,0.6711603,1.6474243,0.17720242,,0.96928406,0.24864084,0.81425804,-1.4358534,0.9081114,0.9445309,-0.0061308886,0.40960932,0.64331293,1.0156063,0.01010033,0.4768538,0.95391655,0.42253852,0.83063644,-0.34614858,-0.61822087,-0.30099764,0.39716473,-0.07976856,-0.070299014,-0.16426675,-0.2986267,-0.42496112,1.0918467,1.1825542,0.0,0.0,0.0,0.0,1.0,0.0,0.0,0.0,0.0,1.0,1.0,0.0,0.0,0.0,0.0,1.0,0.0,0.0,0.0,0.0,0.0,1.0,0.0,0.0,0.0,0.0,0.0,0.0,0.0,0.0,0.0,0.0,0.0,1.0,0.0,0.0,0.0,0.0,0.0,0.0,0.0,0.0,0.0,0.0,0.0,0.0,0.0,0.0,0.0,-0.21870026,-0.17714281,0.78732353,-0.8376997,0.5974958,1.099761,0.8499945,-0.10608451
263974,0,1,0,0,0.7671783,-0.12088198,-0.7788089,-0.4717216,-0.036817398,0.14757949,-0.68554324,-0.7199889,-1.1222283,,0.9012048,-0.19069125,-0.89924055,-0.4733768,-0.22602904,-0.06665558,-0.45778582,-0.5573116,-0.09190068,-0.3593579,-0.114002116,-0.11089968,-0.50743026,-0.0949823,0.39919317,-0.49619308,-0.46992943,-0.082156405,0.46644145,-0.50341636,0.41224238,-0.46043745,1.7448559,0.66151094,2.2492986,-0.7990684,-0.07976856,-0.070299014,-0.16426675,-0.2986267,-0.42496112,0.5603901,-0.5946563,0.0,1.0,0.0,0.0,0.0,1.0,0.0,0.0,0.0,0.0,0.0,0.0,0.0,1.0,0.0,1.0,0.0,0.0,0.0,0.0,0.0,0.0,0.0,0.0,0.0,0.0,0.0,0.0,0.0,0.0,1.0,0.0,0.0,0.0,0.0,0.0,0.0,0.0,0.0,0.0,0.0,0.0,0.0,0.0,1.0,0.0,0.0,0.0,0.0,-0.07094828,-0.27732337,0.46573117,0.80019903,1.3513027,-0.57242763,-0.14588892,-0.31725314
208408,1,1,0,0,-0.59237564,-0.08615912,-1.1787062,-1.4844365,-0.08129361,0.007835002,0.3901954,-0.063536055,-1.3841192,,-1.2590243,-0.19069125,1.2374847,,,,,,,,,,,,,,,,,,,,-0.34614858,-0.61822087,-0.30099764,-2.0265186,-0.07976856,-0.070299014,-0.16426675,-0.2986267,-0.42496112,-0.50252324,1.1825542,0.0,0.0,0.0,0.0,1.0,0.0,0.0,0.0,0.0,1.0,0.0,0.0,0.0,1.0,0.0,0.0,1.0,0.0,0.0,0.0,0.0,0.0,0.0,0.0,0.0,0.0,0.0,0.0,0.0,0.0,0.0,0.0,0.0,1.0,0.0,0.0,0.0,0.0,0.0,0.0,0.0,0.0,0.0,0.0,0.0,0.0,0.0,0.0,0.0,0.3667111,0.09000531,-1.3147403,-0.19396932,0.58855736,1.099761,0.8499945,0.05531639
227817,0,1,0,0,-0.59237564,-0.030602552,-0.34295022,-0.2751005,0.6513936,-0.99652064,0.90649307,1.3758795,-0.2747021,,-1.2590243,-0.19069125,0.9322382,0.5560799,-1.0771801,0.15503351,-0.2044346,-0.5573116,2.6372619,-0.3593579,-0.114002116,0.2363982,0.64426297,-0.0949823,-0.32218054,0.53802896,0.7094143,-0.082156405,-0.29727978,0.65327305,-0.31547996,0.60589933,-0.34614858,1.9412427,-0.30099764,-1.5145607,-0.07976856,-0.070299014,-0.16426675,-0.2986267,-0.42496112,-1.0339799,-0.5946563,0.0,0.0,0.0,0.0,1.0,0.0,0.0,0.0,0.0,1.0,0.0,0.0,0.0,1.0,0.0,0.0,0.0,1.0,0.0,0.0,0.0,0.0,0.0,0.0,0.0,1.0,0.0,0.0,0.0,0.0,0.0,0.0,0.0,0.0,0.0,0.0,0.0,0.0,0.0,0.0,0.0,1.0,0.0,0.0,0.0,0.0,0.0,0.0,0.0,-0.058275014,0.25029418,-0.29665497,-0.13173528,1.2678775,1.099761,0.8499945,0.18594697
208598,1,1,0,0,-0.59237564,-0.12782656,-0.82052505,-0.98539823,-0.1503488,-1.1066504,,-1.9745951,-0.2865464,,-1.2590243,1.7671312,-0.89924055,,,,,,,,,,,,,,,,,,,,-0.34614858,-0.61822087,-0.30099764,0.93409616,-0.07976856,-0.070299014,-0.16426675,-0.2986267,-0.42496112,-1.0339799,-0.5946563,0.0,0.0,0.0,0.0,1.0,0.0,1.0,0.0,0.0,0.0,0.0,0.0,0.0,1.0,0.0,0.0,1.0,0.0,0.0,0.0,0.0,0.0,0.0,0.0,0.0,0.0,0.0,0.0,0.0,0.0,0.0,0.0,0.0,0.0,0.0,0.0,0.0,0.0,0.0,0.0,0.0,0.0,0.0,0.0,0.0,0.0,0.0,0.0,1.0,-0.06953294,-0.030211344,-0.2722835,-0.19396932,-0.65686285,1.099761,0.8499945,-0.054573793
193024,0,1,1,1,-0.59237564,-0.08615912,-0.2355078,0.041289765,0.8129125,0.16539459,-0.24036093,0.0005934408,-1.0702449,0.1845562,-0.1789097,-0.19069125,0.6269918,,,,,,,,,,,,,,,,,,,,-0.34614858,0.2349337,-0.30099764,-1.382201,-0.07976856,-0.070299014,-0.16426675,-0.2986267,-0.42496112,-1.0339799,-0.5946563,0.0,1.0,0.0,0.0,0.0,1.0,0.0,0.0,0.0,0.0,0.0,0.0,0.0,1.0,0.0,1.0,0.0,0.0,0.0,0.0,0.0,0.0,0.0,0.0,0.0,0.0,0.0,0.0,0.0,0.0,0.0,0.0,0.0,0.0,0.0,0.0,0.0,0.0,0.0,0.0,0.0,0.0,0.0,0.0,0.0,0.0,0.0,1.0,0.0,-0.14324982,-0.16044605,0.6386669,0.075037144,1.4704818,0.35727167,0.24270865,-0.19754787
135626,0,0,1,0,0.7671783,-0.08615912,-0.015524871,0.19066855,0.8129125,0.96823126,-0.17066787,0.7619855,-0.5227746,-0.8832626,0.9012048,-0.19069125,0.32174528,,,,,,,,,,,,,,,,,,,,1.7448559,-0.19164358,2.2492986,0.86292154,-0.07976856,-0.070299014,-0.16426675,-0.2986267,-0.42496112,0.028933441,-0.5946563,0.0,0.0,0.0,0.0,1.0,0.0,0.0,0.0,0.0,1.0,0.0,0.0,0.0,1.0,0.0,1.0,0.0,0.0,0.0,0.0,0.0,0.0,0.0,0.0,0.0,1.0,0.0,0.0,0.0,0.0,0.0,0.0,0.0,0.0,0.0,0.0,0.0,0.0,0.0,1.0,0.0,0.0,0.0,0.0,0.0,0.0,0.0,0.0,0.0,-0.17125206,-0.24392983,0.8299187,-0.13471004,-0.6181297,-0.28372106,-0.47283933,-0.25375968
296284,0,1,0,0,-0.59237564,-0.0653254,-0.7507991,-0.8556483,-0.08129361,-0.65641403,0.44993234,-1.4195834,0.6399419,,-0.1789097,-0.19069125,-1.204487,,,,,,,,,,,,,,,,,,,,-0.34614858,0.66151094,-0.30099764,-0.34704712,-0.07976856,-0.070299014,-0.16426675,-0.2986267,-0.42496112,2.1547601,-0.5946563,0.0,0.0,0.0,0.0,1.0,0.0,0.0,0.0,0.0,1.0,0.0,0.0,0.0,1.0,0.0,1.0,0.0,0.0,0.0,0.0,0.0,0.0,0.0,0.0,0.0,0.0,0.0,0.0,0.0,0.0,1.0,0.0,0.0,0.0,0.0,0.0,0.0,0.0,0.0,0.0,0.0,0.0,0.0,0.0,1.0,0.0,0.0,0.0,0.0,0.02216843,-0.1303919,-0.66440576,-0.12535265,0.5468447,-1.3343606,-0.22373432,-0.15356138
455028,0,1,0,0,0.7671783,-0.016713409,-0.5246197,-0.13736592,-0.7583855,1.3867706,0.7618918,0.21979971,1.755281,,0.9012048,-0.19069125,-0.28874764,,,,,,,,,,,,,,,,,,,,-0.34614858,-0.61822087,-0.30099764,0.7580326,,,,,,,1.1825542,0.0,0.0,0.0,0.0,1.0,1.0,0.0,0.0,0.0,0.0,1.0,0.0,0.0,0.0,1.0,0.0,0.0,0.0,0.0,0.0,0.0,0.0,0.0,0.0,0.0,0.0,0.0,0.0,0.0,0.0,0.0,0.0,0.0,0.0,0.0,0.0,0.0,0.0,0.0,0.0,0.0,0.0,0.0,0.0,0.0,0.0,0.0,1.0,0.0,0.011648217,-0.17714281,-0.26538178,0.5182032,-1.2557372,-0.66446775,0.048276994,-0.23932049
298119,0,0,0,0,-0.59237564,-0.051436264,0.850987,-0.0282429,-1.0348989,-1.5740077,,-2.5086188,0.86629975,,-0.1789097,-0.19069125,0.6269918,,,,,,,,,,,,,,,,,,,,-0.34614858,-0.61822087,-0.30099764,0.45710126,-0.07976856,-0.070299014,-0.16426675,-0.2986267,-0.42496112,-0.50252324,-0.5946563,0.0,0.0,0.0,0.0,1.0,0.0,1.0,0.0,0.0,0.0,0.0,0.0,0.0,1.0,0.0,1.0,0.0,0.0,0.0,0.0,0.0,0.0,0.0,0.0,0.0,0.0,0.0,0.0,0.0,0.0,0.0,0.0,0.0,0.0,0.0,0.0,0.0,0.0,0.0,0.0,0.0,0.0,0.0,0.0,0.0,0.0,0.0,0.0,1.0,-0.21025681,-0.11035579,0.13242513,-1.144306,-1.3816199,1.099761,0.8499945,0.06489927
441310,0,1,1,0,0.7671783,0.22634658,0.5613378,1.9333102,-0.1632235,-0.56710714,-1.0927973,-2.119178,0.9215732,-0.06186352,0.9012048,1.7671312,-0.28874764,,,,,,,,,,,,,,,,,,,,-0.34614858,-0.19164358,-0.30099764,1.1176517,-0.07976856,-0.070299014,4.6615176,-0.2986267,-0.42496112,0.028933441,-0.5946563,0.0,0.0,0.0,0.0,1.0,0.0,0.0,0.0,0.0,1.0,0.0,0.0,0.0,1.0,1.0,0.0,0.0,0.0,0.0,0.0,1.0,0.0,0.0,0.0,0.0,0.0,0.0,0.0,0.0,0.0,0.0,0.0,0.0,0.0,0.0,0.0,0.0,0.0,0.0,0.0,0.0,0.0,0.0,0.0,0.0,0.0,0.0,1.0,0.0,-0.00059311907,0.056611795,-0.1626974,0.58930385,-0.7358189,-0.38212517,0.15207078,-0.08359813
329346,0,0,0,1,-0.59237564,0.018009448,-0.6349395,0.041289765,-1.1662792,0.62881875,0.7865451,-0.48562473,-0.94916975,,-0.1789097,-0.19069125,0.016498817,,,0.10330606,,,,,,,0.5312343,,,,0.5938913,,,0.5406724,,0.26006034,-0.34614858,-0.19164358,-0.30099764,1.1151544,,,,,,,-0.5946563,0.0,0.0,0.0,0.0,1.0,0.0,0.0,0.0,1.0,0.0,0.0,1.0,0.0,0.0,0.0,1.0,0.0,0.0,0.0,0.0,0.0,0.0,0.0,0.0,0.0,0.0,0.0,1.0,0.0,0.0,0.0,0.0,0.0,0.0,0.0,0.0,0.0,0.0,0.0,0.0,0.0,0.0,1.0,0.0,0.0,0.0,0.0,0.0,0.0,0.11016535,-0.010175236,-0.33345765,1.2149316,-0.0639475,0.3572548,0.5869309,-0.17521948
358684,1,0,1,0,-0.59237564,0.19162372,-0.58173764,-0.6527061,0.4781704,-1.7616448,,0.14167833,-1.0939336,-0.22614333,-0.1789097,-0.19069125,-0.28874764,-0.714362,0.50232303,-0.103603765,,-0.5573116,-0.09190068,-0.9474565,,-0.12640075,-0.53283316,,0.88829845,,-0.49544543,,0.9825306,-0.5281885,0.9064557,-0.4135687,-0.34614858,-0.61822087,-0.30099764,-0.7691001,-0.07976856,-0.070299014,-0.16426675,-0.2986267,-0.42496112,-1.0339799,-0.5946563,0.0,0.0,0.0,0.0,1.0,0.0,1.0,0.0,0.0,0.0,0.0,0.0,0.0,1.0,0.0,1.0,0.0,0.0,0.0,0.0,0.0,0.0,0.0,0.0,0.0,0.0,0.0,0.0,0.0,0.0,0.0,0.0,0.0,0.0,0.0,0.0,0.0,0.0,0.0,0.0,0.0,0.0,0.0,0.0,0.0,0.0,0.0,0.0,1.0,0.34912065,0.24027613,-1.2983576,-0.19396932,1.4794202,1.099761,0.8499945,0.19267912
393399,0,0,1,0,2.1267323,0.018009448,1.2688651,0.30245313,-0.08129361,0.23063953,-0.3294922,-0.16497727,-1.0189196,-0.47256306,1.9813194,-0.19069125,1.5427312,,,,,,,,,,,,,,,,,,,,1.7448559,0.2349337,-0.30099764,-1.0787722,-0.07976856,-0.070299014,-0.16426675,-0.2986267,-0.42496112,1.0918467,1.1825542,0.0,0.0,0.0,0.0,1.0,0.0,0.0,0.0,0.0,1.0,0.0,0.0,0.0,1.0,0.0,1.0,0.0,0.0,0.0,0.0,0.0,0.0,1.0,0.0,0.0,0.0,0.0,0.0,0.0,0.0,0.0,0.0,0.0,1.0,0.0,0.0,0.0,0.0,0.0,0.0,0.0,0.0,0.0,0.0,0.0,0.0,0.0,0.0,0.0,-0.19319032,-0.21053632,-0.12447598,-1.1510688,1.3602412,1.099761,0.8499945,-0.08935663
370384,0,1,0,0,-0.59237564,0.018009448,-0.58586866,-0.9750848,0.0064883954,-0.21242452,-1.5650034,-0.103179745,1.8928066,,-1.2590243,1.7671312,0.9322382,-0.19479112,-0.098625,0.23631951,,0.35883224,-0.43364978,0.81425804,,0.25116113,0.09567452,,-0.39786735,,0.14750157,,-0.37740937,0.1026562,-0.39174953,0.025425509,-0.34614858,3.2209744,-0.30099764,-1.2760632,-0.07976856,-0.070299014,-0.16426675,-0.2986267,-0.42496112,-0.50252324,-0.5946563,0.0,0.0,0.0,0.0,1.0,0.0,0.0,0.0,0.0,1.0,0.0,0.0,0.0,1.0,0.0,0.0,1.0,0.0,0.0,0.0,0.0,0.0,0.0,0.0,0.0,0.0,0.0,0.0,0.0,0.0,1.0,0.0,0.0,0.0,0.0,0.0,0.0,0.0,0.0,0.0,0.0,0.0,0.0,0.0,1.0,0.0,0.0,0.0,0.0,0.08709715,0.39054695,-1.1467562,-0.7447601,0.40680942,-1.9047507,-0.27239108,0.56007034
329743,0,0,1,0,-0.59237564,-0.016713409,-0.14000477,0.40725112,0.8129125,0.20148754,-2.5705748,1.3793776,-0.43328422,0.020276388,-0.1789097,-0.19069125,-0.28874764,,,,,,,,,,,,,,,,,,,,-0.34614858,-0.61822087,-0.30099764,1.1176517,,,,,,,-0.5946563,0.0,0.0,0.0,0.0,1.0,1.0,0.0,0.0,0.0,0.0,0.0,0.0,0.0,1.0,1.0,0.0,0.0,0.0,0.0,0.0,0.0,0.0,0.0,0.0,0.0,0.0,1.0,0.0,0.0,0.0,0.0,0.0,0.0,0.0,0.0,0.0,0.0,0.0,0.0,0.0,0.0,0.0,0.0,0.0,1.0,0.0,0.0,0.0,0.0,-0.084322676,-0.060265508,0.23267554,0.33247754,0.36807626,-0.2836915,-0.01755671,-0.14163963
200797,0,1,0,0,2.1267323,-0.12088198,0.051013254,-0.3942043,0.34123045,0.46200457,-2.0846198,0.0950387,1.0406743,,1.9813194,-0.19069125,1.2374847,,,,,,,,,,,,,,,,,,,,3.8358603,0.2349337,4.799595,1.1176517,,,,,,,-0.5946563,0.0,0.0,0.0,1.0,0.0,0.0,0.0,0.0,0.0,1.0,0.0,1.0,0.0,0.0,0.0,1.0,0.0,0.0,0.0,0.0,0.0,0.0,0.0,0.0,0.0,1.0,0.0,0.0,0.0,0.0,0.0,0.0,0.0,0.0,0.0,0.0,0.0,0.0,0.0,0.0,1.0,0.0,0.0,0.0,0.0,0.0,0.0,0.0,0.0,-0.20993654,-0.3107169,0.5897891,-0.8431347,-0.48852256,-1.334372,-2.1865294,-0.27508166
148750,0,1,0,1,-0.59237564,-0.07574226,-0.65623933,-0.720908,-0.6489506,-1.8440107,,-2.6508696,-0.013469245,,-0.1789097,-0.19069125,-0.28874764,,,,,,,,,,,,,,,,,,,,-0.34614858,1.0880882,-0.30099764,-0.7141583,-0.07976856,-0.070299014,-0.16426675,-0.2986267,-0.42496112,-1.0339799,-0.5946563,0.0,0.0,0.0,0.0,1.0,0.0,1.0,0.0,0.0,0.0,0.0,0.0,0.0,1.0,0.0,1.0,0.0,0.0,0.0,0.0,0.0,0.0,0.0,0.0,0.0,0.0,0.0,0.0,0.0,0.0,0.0,0.0,0.0,0.0,0.0,0.0,0.0,0.0,0.0,0.0,0.0,0.0,0.0,0.0,0.0,0.0,0.0,0.0,1.0,-0.033558298,-0.14541897,-0.42868367,-0.1270954,0.096944116,-2.1593745,-0.85176426,-0.16672741
193927,0,1,1,0,0.7671783,0.46940657,-0.5868477,-0.6224311,0.85738873,0.21074215,0.35368952,1.0890459,1.5177368,-0.8832626,-0.1789097,-0.19069125,-0.28874764,0.8443506,0.40561873,0.32499516,1.2931707,1.8863599,-0.09190068,2.5781236,1.2093987,-0.0939223,1.2973173,0.17389017,-0.3815497,0.79738694,1.3789989,0.19461381,-0.35961223,1.3086084,-0.3756199,0.8772141,-0.34614858,-0.19164358,-0.30099764,-1.5295448,-0.07976856,-0.070299014,-0.16426675,-0.2986267,1.2015983,-1.0339799,-0.5946563,0.0,0.0,0.0,0.0,1.0,0.0,0.0,0.0,1.0,0.0,1.0,0.0,0.0,0.0,0.0,0.0,1.0,0.0,0.0,0.0,0.0,1.0,0.0,0.0,0.0,0.0,0.0,0.0,0.0,0.0,0.0,0.0,0.0,0.0,0.0,0.0,0.0,0.0,0.0,0.0,0.0,0.0,1.0,0.0,0.0,0.0,0.0,0.0,0.0,0.77725315,0.64099836,-1.5387697,-0.12885153,0.05076226,-1.7702706,0.44197753,0.5325615
394204,1,0,0,1,-0.59237564,0.15690087,2.0449243,3.0069077,0.85738873,0.99298733,0.08534749,1.2339202,-0.692543,,-0.1789097,-0.19069125,-0.28874764,1.4983718,1.0825486,0.33977446,0.5452885,1.274976,-0.43364978,3.7517397,3.0612302,0.5058216,0.5837527,0.62487906,2.6545122,1.4059794,0.64772725,0.65350646,2.8513162,0.5924687,2.6881304,1.9147309,-0.34614858,-0.61822087,-0.30099764,0.31724936,-0.07976856,-0.070299014,-0.16426675,-0.2986267,1.2015983,0.028933441,2.9597647,0.0,0.0,0.0,0.0,1.0,1.0,0.0,0.0,0.0,0.0,1.0,0.0,0.0,0.0,0.0,1.0,0.0,0.0,0.0,0.0,0.0,0.0,0.0,0.0,0.0,0.0,0.0,1.0,0.0,0.0,0.0,0.0,0.0,1.0,0.0,0.0,0.0,0.0,0.0,0.0,0.0,0.0,0.0,0.0,0.0,0.0,0.0,0.0,0.0,-0.16803965,0.19018586,0.70852274,-0.19396932,1.7267164,1.099761,0.8499945,0.14689153
144543,0,0,1,0,0.7671783,0.08745516,0.22395505,-0.0039563705,0.18907498,1.2676176,-0.518185,0.0029254225,0.09576162,-0.47256306,0.9012048,-0.19069125,0.016498817,0.17095941,-0.5391667,0.14025424,0.14966384,0.05360629,-1.1153367,2.8706672,2.7946904,0.17587018,0.2161242,-0.18615195,-0.39786735,0.15990557,0.2719972,-0.17441314,-0.37740937,0.22426482,-0.39174953,0.28917137,5.926865,1.5146655,4.799595,-0.86275095,-0.07976856,-0.070299014,-0.16426675,0.90320206,-0.42496112,0.5603901,-0.5946563,0.0,0.0,0.0,1.0,0.0,0.0,0.0,0.0,0.0,1.0,0.0,0.0,0.0,1.0,0.0,1.0,0.0,0.0,0.0,0.0,0.0,0.0,0.0,0.0,0.0,1.0,0.0,0.0,0.0,0.0,0.0,0.0,0.0,0.0,0.0,0.0,0.0,0.0,0.0,0.0,0.0,0.0,0.0,0.0,0.0,0.0,0.0,1.0,0.0,-0.050655313,-0.07696227,-0.68646383,-0.63910824,-1.4047109,-1.3343811,-0.4969061,-0.024248835
227712,0,0,1,1,-0.59237564,0.018009448,1.418346,1.505468,-0.77886796,0.20611484,-1.1245621,1.2082684,-1.1057779,-0.30828324,-0.1789097,-0.19069125,2.4584703,0.6233051,0.97356445,0.18459207,0.083794564,0.96928406,0.24864084,0.81425804,0.9444086,-0.7940541,1.1203532,-0.0061308886,-0.2761571,0.5958067,1.1973026,0.01010033,-0.24838711,1.1318254,-0.26853195,1.006467,-0.34614858,-0.19164358,-0.30099764,-2.6483598,-0.07976856,-0.070299014,-0.16426675,-0.2986267,-0.42496112,0.028933441,-0.5946563,0.0,0.0,0.0,0.0,1.0,0.0,0.0,0.0,0.0,1.0,1.0,0.0,0.0,0.0,0.0,1.0,0.0,0.0,0.0,0.0,0.0,0.0,0.0,0.0,1.0,0.0,0.0,0.0,0.0,0.0,0.0,0.0,0.0,0.0,0.0,0.0,0.0,0.0,0.0,0.0,0.0,0.0,1.0,0.0,0.0,0.0,0.0,0.0,0.0,-0.20045982,-0.010175236,0.83817124,-0.54578555,-0.3127336,-0.8426585,-1.4048359,0.029722152
252695,1,1,0,0,-0.59237564,-0.12088198,-1.1787062,-1.4844365,-0.8057878,-1.3868334,0.9311464,0.4151032,1.0044833,,-1.2590243,-0.19069125,0.6269918,,,,,,,,,,,,,,,,,,,,-0.34614858,-0.61822087,-0.30099764,1.1114084,-0.07976856,-0.070299014,-0.16426675,-0.2986267,-0.42496112,-1.0339799,2.9597647,0.0,0.0,0.0,0.0,1.0,0.0,0.0,0.0,0.0,1.0,0.0,0.0,0.0,1.0,0.0,0.0,0.0,0.0,0.0,1.0,0.0,0.0,0.0,0.0,0.0,0.0,0.0,0.0,0.0,0.0,1.0,0.0,0.0,1.0,0.0,0.0,0.0,0.0,0.0,0.0,0.0,0.0,0.0,0.0,0.0,0.0,0.0,0.0,0.0,0.22598726,-0.010175236,-1.1550089,-0.19396932,-2.6180089,1.099761,0.8499945,-0.03625876
308800,0,1,0,1,-0.59237564,-0.016713409,-0.35109288,-0.7967618,-0.10119087,-1.0573696,-2.6151404,-0.582402,-0.30036476,,-1.2590243,-0.19069125,0.9322382,-0.07857133,-0.15388459,0.20676097,,0.05360629,-0.7741913,0.81425804,,-0.21460924,-0.18975131,,0.4630486,,-0.143549,,0.5334425,-0.18334927,0.476705,-0.15215173,-0.34614858,-0.61822087,-0.30099764,-2.0839577,,,,,,,-0.5946563,0.0,0.0,0.0,0.0,1.0,0.0,0.0,0.0,0.0,1.0,1.0,0.0,0.0,0.0,0.0,0.0,1.0,0.0,0.0,0.0,1.0,0.0,0.0,0.0,0.0,0.0,0.0,0.0,0.0,0.0,0.0,0.0,0.0,1.0,0.0,0.0,0.0,0.0,0.0,0.0,0.0,0.0,0.0,0.0,0.0,0.0,0.0,0.0,0.0,-0.03935886,0.2903664,-0.8684054,-0.8432805,1.604558,-0.6644346,-0.089138605,0.48986325
276837,1,1,0,1,-0.59237564,-0.17643856,-1.0593125,-1.3180904,-0.73029524,-1.1596329,,-0.9228713,-0.7728211,,-1.2590243,-0.19069125,-0.28874764,-0.3075927,-0.30009225,0.051578607,-0.50601155,-0.5573116,0.24864084,-0.3593579,-0.114002116,0.113127746,-0.2605369,-0.16276884,-0.2954609,-0.49619308,-0.33646113,-0.17441314,-0.37740937,-0.2711777,-0.39174953,-0.44791973,,,,-1.1786664,-0.07976856,-0.070299014,-0.16426675,-0.2986267,-0.42496112,-1.0339799,-0.5946563,0.0,0.0,0.0,0.0,1.0,0.0,1.0,0.0,0.0,0.0,0.0,0.0,0.0,1.0,0.0,0.0,0.0,1.0,0.0,0.0,0.0,0.0,0.0,0.0,0.0,0.0,0.0,0.0,0.0,0.0,0.0,0.0,0.0,0.0,0.0,0.0,0.0,0.0,0.0,0.0,0.0,0.0,0.0,0.0,0.0,0.0,0.0,0.0,1.0,-0.08360532,-0.1704641,-0.17887327,-0.19396932,-0.13843435,1.099761,0.8499945,-0.182779
255155,0,1,0,0,-0.59237564,-0.030602552,-0.5186978,1.0054317,0.8129125,-1.0777297,,-1.3892677,-0.5477792,,-1.2590243,-0.19069125,-0.59399414,,,,,,,,,,,,,,,,,,,,-0.34614858,-0.61822087,-0.30099764,-1.0725288,-0.07976856,-0.070299014,-0.16426675,-0.2986267,1.2015983,3.2176735,-0.5946563,0.0,0.0,0.0,0.0,1.0,0.0,1.0,0.0,0.0,0.0,0.0,0.0,0.0,1.0,0.0,0.0,1.0,0.0,0.0,0.0,0.0,0.0,0.0,0.0,0.0,0.0,0.0,0.0,0.0,0.0,0.0,0.0,0.0,0.0,0.0,0.0,0.0,0.0,0.0,0.0,0.0,0.0,0.0,0.0,0.0,0.0,0.0,0.0,1.0,-0.010180725,0.25029418,0.9453768,2.3574913,0.5021526,0.47334412,0.54631364,-0.1157
363912,0,1,0,0,0.7671783,-0.016713409,0.3603982,1.7057487,1.9997252,-0.10738479,0.2579208,-1.3123122,-0.5122463,,0.9012048,-2.1485138,1.5427312,,,,,,,,,,,,,,,,,,,,-0.34614858,-0.61822087,-0.30099764,-1.0225817,-0.07976856,-0.070299014,-0.16426675,-0.2986267,1.2015983,0.5603901,1.1825542,0.0,0.0,1.0,0.0,0.0,1.0,0.0,0.0,0.0,0.0,0.0,0.0,0.0,1.0,0.0,1.0,0.0,0.0,0.0,0.0,0.0,0.0,0.0,0.0,0.0,0.0,1.0,0.0,0.0,0.0,0.0,0.0,0.0,0.0,0.0,0.0,0.0,0.0,0.0,0.0,0.0,0.0,0.0,0.0,1.0,0.0,0.0,0.0,0.0,-0.15094131,-0.17714281,1.4201636,0.71794987,1.6313733,0.5324731,0.3668165,-0.24945651
100161,0,1,0,0,-0.59237564,-0.12088198,-0.55353683,-0.95046556,-1.0006639,-0.15805373,-0.23561992,-1.3309681,-0.9524599,,-0.1789097,-0.19069125,-0.89924055,,,,,,,,,,,,,,,,,,,,-0.34614858,-0.61822087,-0.30099764,0.7355564,-0.07976856,-0.070299014,-0.16426675,-0.2986267,-0.42496112,-1.0339799,1.1825542,0.0,1.0,0.0,0.0,0.0,1.0,0.0,0.0,0.0,0.0,0.0,0.0,0.0,1.0,0.0,1.0,0.0,0.0,0.0,0.0,0.0,0.0,0.0,0.0,0.0,0.0,0.0,0.0,0.0,0.0,1.0,0.0,0.0,0.0,0.0,0.0,0.0,0.0,0.0,0.0,0.0,0.0,0.0,0.0,1.0,0.0,0.0,0.0,0.0,-0.13187607,-0.21053632,-0.3004466,-0.7610171,-1.0218484,-0.66450876,-0.51296324,-0.15965073
334824,1,0,1,0,2.1267323,0.052732304,0.015230952,0.17902432,0.4781704,0.2917199,-0.14411813,0.91735375,-1.0004951,-0.14400344,1.9813194,-0.19069125,0.016498817,3.5493093,,0.32499516,,3.1072638,0.59038997,3.4591959,,,5.2864285,,2.045848,,5.4593153,,2.2084684,5.3115587,2.073945,4.413621,-0.34614858,-0.61822087,-0.30099764,-2.373651,-0.07976856,-0.070299014,-0.16426675,-0.2986267,-0.42496112,-1.0339799,-0.5946563,0.0,0.0,0.0,0.0,1.0,1.0,0.0,0.0,0.0,0.0,1.0,0.0,0.0,0.0,0.0,1.0,0.0,0.0,0.0,0.0,0.0,0.0,0.0,0.0,0.0,1.0,0.0,0.0,0.0,0.0,0.0,0.0,0.0,1.0,0.0,0.0,0.0,0.0,0.0,0.0,0.0,0.0,0.0,0.0,0.0,0.0,0.0,0.0,0.0,-0.044635627,-0.18549119,-0.4155122,-0.19396932,1.3334259,1.099761,0.8499945,-0.19651528
294948,0,1,1,0,-0.59237564,-0.016713409,-0.34295022,-0.355612,-0.77886796,0.939542,-0.5731809,-0.8086042,0.30830118,-0.55470294,-0.1789097,-0.19069125,-0.28874764,0.33503443,1.6504943,0.16981278,-0.052853473,-0.5573116,1.9537636,-0.3593579,-0.114002116,-0.31868786,0.64654636,-0.0949823,-0.31182104,0.3146216,0.71165746,-0.082156405,-0.28692403,0.656651,-0.30518386,0.38814887,-0.34614858,0.2349337,-0.30099764,1.0876834,-0.07976856,-0.070299014,-0.16426675,0.90320206,-0.42496112,-1.0339799,-0.5946563,0.0,0.0,0.0,0.0,1.0,0.0,0.0,0.0,0.0,1.0,1.0,0.0,0.0,0.0,1.0,0.0,0.0,0.0,0.0,0.0,1.0,0.0,0.0,0.0,0.0,0.0,0.0,0.0,0.0,0.0,0.0,0.0,0.0,0.0,0.0,1.0,0.0,0.0,0.0,0.0,0.0,0.0,0.0,0.0,0.0,0.0,0.0,0.0,0.0,-0.041388165,-0.060265508,-0.46496984,-0.24329557,1.0891091,1.099761,0.8499945,-0.075037375
275003,0,1,1,0,-0.59237564,0.018009448,1.4479556,0.45815304,0.6513936,0.19107611,0.87377995,0.8048356,-0.6267413,-0.47256306,-0.1789097,-0.19069125,-0.59399414,,,,,,,,,,,,,,,,,,,,1.7448559,0.2349337,2.2492986,1.1126571,-0.07976856,-0.070299014,-0.16426675,-0.2986267,-0.42496112,-0.50252324,-0.5946563,0.0,0.0,0.0,0.0,1.0,0.0,0.0,0.0,0.0,1.0,1.0,0.0,0.0,0.0,1.0,0.0,0.0,0.0,0.0,0.0,0.0,0.0,0.0,0.0,0.0,0.0,0.0,0.0,0.0,0.0,1.0,0.0,0.0,1.0,0.0,0.0,0.0,0.0,0.0,0.0,0.0,0.0,0.0,0.0,0.0,0.0,0.0,0.0,0.0,-0.2018134,-0.010175236,0.00011448049,-1.1456429,-0.68367815,1.099761,0.8499945,0.22133459
339194,1,1,0,0,-0.59237564,0.08745516,0.2540184,0.5117165,1.1991533,1.5709372,0.80835384,0.7893863,0.9696084,,-1.2590243,-0.19069125,0.016498817,,,,,,,,,,,,,,,,,,,,-0.34614858,-0.61822087,-0.30099764,0.23733398,,,,,,,1.1825542,0.0,0.0,0.0,0.0,1.0,0.0,0.0,0.0,0.0,1.0,1.0,0.0,0.0,0.0,0.0,0.0,0.0,1.0,0.0,0.0,0.0,0.0,0.0,0.0,0.0,0.0,0.0,0.0,0.0,0.0,1.0,0.0,0.0,0.0,0.0,0.0,0.0,0.0,0.0,0.0,0.0,0.0,0.0,0.0,0.0,0.0,1.0,0.0,0.0,-0.05546054,0.59090805,-0.35635248,-0.19396932,-1.2199835,1.099761,0.8499945,0.5131921
121912,0,1,0,0,-0.59237564,-0.16602169,0.96321714,0.2735089,0.0064883954,-1.1772168,,-0.118337624,-0.72741795,,-0.1789097,1.7671312,-0.89924055,,,,,,,,,,,,,,,,,,,,-0.34614858,1.0880882,-0.30099764,0.028804831,,,,,,,-0.5946563,0.0,0.0,0.0,0.0,1.0,0.0,1.0,0.0,0.0,0.0,0.0,0.0,0.0,1.0,0.0,1.0,0.0,0.0,0.0,0.0,0.0,0.0,0.0,0.0,0.0,0.0,0.0,0.0,0.0,0.0,0.0,0.0,0.0,0.0,0.0,0.0,0.0,0.0,0.0,0.0,0.0,0.0,0.0,0.0,0.0,0.0,0.0,0.0,1.0,-0.2824736,-0.2756537,3.39753,-1.0054399,-2.5896106,-1.7702706,-7.5012293,-0.21176206
240301,0,0,1,1,-0.59237564,0.018009448,2.5513327,1.3570873,1.9997252,-0.95741993,0.8368,1.2409161,-0.22337675,0.26669613,-0.1789097,-2.1485138,0.016498817,,,,,,,,,,,,,,,,,,,,-0.34614858,-0.19164358,-0.30099764,-0.74412656,-0.07976856,-0.070299014,-0.16426675,-0.2986267,-0.42496112,-1.0339799,-0.5946563,0.0,0.0,0.0,0.0,1.0,1.0,0.0,0.0,0.0,0.0,0.0,0.0,0.0,1.0,0.0,1.0,0.0,0.0,0.0,0.0,0.0,0.0,0.0,0.0,0.0,0.0,1.0,0.0,0.0,0.0,0.0,0.0,0.0,0.0,0.0,0.0,0.0,0.0,0.0,0.0,0.0,0.0,0.0,1.0,0.0,0.0,0.0,0.0,0.0,-0.23827441,-0.010175236,0.7194376,-1.147115,1.7594906,-0.18305367,-1.2100531,0.22201398
239450,0,1,0,0,-0.59237564,0.052732304,-0.8802219,-0.25447357,0.4781704,-1.6253707,0.49449795,-0.59755987,-0.844545,,-0.1789097,-0.19069125,0.9322382,-0.7528171,,-0.09621413,,-0.5573116,-0.43364978,-0.6536223,,,-0.63558644,,0.17637853,,-0.6011545,,0.23057973,-0.6314995,0.1875186,-0.59580374,-0.34614858,-0.61822087,-0.30099764,-0.22217937,-0.07976856,-0.070299014,-0.16426675,-0.2986267,-0.42496112,0.028933441,-0.5946563,0.0,0.0,0.0,0.0,1.0,0.0,0.0,0.0,0.0,1.0,1.0,0.0,0.0,0.0,1.0,0.0,0.0,0.0,0.0,0.0,0.0,1.0,0.0,0.0,0.0,0.0,0.0,0.0,0.0,0.0,0.0,0.0,0.0,0.0,0.0,1.0,0.0,0.0,0.0,0.0,0.0,0.0,0.0,0.0,0.0,0.0,0.0,0.0,0.0,0.35391805,0.03991504,-0.7238528,1.8570292,-0.0028682742,1.099761,0.8499945,-0.18450232
